,BHFG,P28H_ECO_RT,DMEA,TQA,CRS_CNINC,SRVTYPE,BACC,FPG_P,DBTV,TOFF,UCAV_DH_ECO_RT,SHK_ISONIC_RT,GS_G_NC5,ROP5,RGX,TTONB,GS_TVA,DCAV_DH_ECO_RT,SPM3,ROP,CRS1,GS_DRTV,PASS_NAME,DRPM30s,SHKPK_RT,MTF_RT,MON_DH_ECO_RT,HKLD30s,PMIN_RT,P40H_COND_UNC_ECO_RT,TTV2,GS_TFLO,DCHV,MSP1,ECD_MW_IN,GS_TV10,P28H_COND_UNC_ECO_RT,GS_GASA,MSP7,DNI_MP,B_RETRACT_P,ECD_ECO_RT,CUREDT_RT,TOFB,SGX,AZIM_CONT_RT,SPM1,GS_TV13,GY_RT,GS_G_IC5,MAG_DEC,A40H_UNC_DH_ECO_RT,GS_RPM,HY_RT,ETSL,STAT_ISONIC_RT,BVEL,AJAM_MWD,MSP2,GS_TV11,SHKTOT_RT,CRS4,HKLX,SPM2,RPM30s,DHAT_DH_ECO_RT,SRV_HY,PPG_P,SRVAZI,TSTK,PMAX_TM_RT,DTPO_RT,ESD_MAX_RT,ESD_MIN_RT,SPM4,GS_SWOB,SHZ,RSDX,DEPT,RPM,GS_ROP,SRVINC,SHY,EDRT,SHKLV,GS_G_C3,CHCO_RT,RGX_RT,STICK_RT,MBOT,GS_TQA,GS_TV12,HSTEMP,MSP8,SGY,GS_TV06,AORIENT_P,SSFRQ,GS_CHKP,GS_MDOA,CRS5,GS_TV14,DRPM,SHKRSK_RT,HZ_RT,GS_ACTC,HKLD,THKD,GS_MWTI,ROBB_DH_ECO_RT,GTEMP,TCHR,SWOB,GS_G_C1,STK1,HKLI,ECD_CT_FPWD,UTSTAT,SRV_HZ,SRVEW,TVDE,RHX_RT,B_STATE_P,ANGLX,LOT_TIME,STWT,GS_MTOA,TFDES,GS_TV04,BONB,DCHR,A40H_COND_UNC_ECO_RT,GS_G_C2,TEFNEG,HKLN,BITRUN,HKLO,TOTAL_CORR,PMPT,TSPM,STK2,STK4,DHAP_DH_ECO_RT,PESD_TM_RT,SSAMP,ACTC,HYDR_RET_P,GS_TV09,RETI,GS_DCHM,TFLO30s,GS_TV02,SRATIO,TFLO,A28H_UNC_DH_ECO_RT,PESD_RT,SHKRATE_RT,TOJ,GZ_RT,GS_TV07,DBTM,GS_SPM2,GS_BPOS,CRPM_RT,STKSLP,SDEP_CONT_RT,TRPM,STIS,P40H_ECO_RT,DTCO_RT,HV,P40H_UNC_DH_ECO_RT,SHX,GS_SPPA,CPOF,GS_DBTM,ECD_P,OSTM,GS_TDH,VIBX_RT,ROP30s,RSUX,MSP6,SGZ,ANGXCRS,MWIN,GS_TV01,SRVNS,SMOD,PMIN_TM_RT,SRV_GZ,STK3,RHX,FVOC,TF_CORR,BP_CORR_P,INCL_CONT_RT,QROP,A40H_ECO_RT,GS_SPM3,SRVDEPTH,GS_CFIA,GS_TV03,TTPO_RT,A28H_COND_UNC_ECO_RT,DNISTAT,GS_HKLD,A28H_ECO_RT,GTF_RT,SPPA,SRV_GX,HVM,GS_TTV1,CRS_CNAZI,CHPO_RT,GS_G_IC4,SWOB30s,GS_TV05,PMAX_RT,SRV_GY,GS_SPM1,GRID_CORR,GS_DRTM,ESD_RT,GS_DMEA,RTSTAT,TRPM_RT,TF,P28H_UNC_DH_ECO_RT,VIBLAT_RT,MSP5,BPOS,RTMODE,GS_G_NC4,GS_TVCA,MSP4,GS_TV08,DCRNT,SHK3TM_RT,SRVTVD,TEMP_DNI_RT,SRV_HX,GS_DVER
BHFG,,,,,,,,,,,,,,,,,,,,,,,,,,,,,,,,,,,,,,,,,,,,,,,,,,,,,,,,,,,,,,,,,,,,,,,,,,,,,,,,,,,,,,,,,,,,,,,,,,,,,,,,,,,,,,,,,,,,,,,,,,,,,,,,,,,,,,,,,,,,,,,,,,,,,,,,,,,,,,,,,,,,,,,,,,,,,,,,,,,,,,,,,,,,,,,,,,,,,,,,,,,,,,,,,,,,,,,,,,,,,,,,,,,,,,,,,,,,,,,,,,,
P28H_ECO_RT,,,,,,,,,,,,,,,,,,,,,,,,,,,,,,,,,,,,,,,,,,,,,,,,,,,,,,,,,,,,,,,,,,,,,,,,,,,,,,,,,,,,,,,,,,,,,,,,,,,,,,,,,,,,,,,,,,,,,,,,,,,,,,,,,,,,,,,,,,,,,,,,,,,,,,,,,,,,,,,,,,,,,,,,,,,,,,,,,,,,,,,,,,,,,,,,,,,,,,,,,,,,,,,,,,,,,,,,,,,,,,,,,,,,,,,,,,,,,,,,,,,
DMEA,,,,,,,,,,,,,,,,,,,,,,,,,,,,,,,,,,,,,,,,,,,,,,,,,,,,,,,,,,,,,,,,,,,,,,,,,,,,,,,,,,,,,,,,,,,,,,,,,,,,,,,,,,,,,,,,,,,,,,,,,,,,,,,,,,,,,,,,,,,,,,,,,,,,,,,,,,,,,,,,,,,,,,,,,,,,,,,,,,,,,,,,,,,,,,,,,,,,,,,,,,,,,,,,,,,,,,,,,,,,,,,,,,,,,,,,,,,,,,,,,,,
TQA,,,,,,,,,,,,,,,,,,,,,,,,,,,,,,,,,,,,,,,,,,,,,,,,,,,,,,,,,,,,,,,,,,,,,,,,,,,,,,,,,,,,,,,,,,,,,,,,,,,,,,,,,,,,,,,,,,,,,,,,,,,,,,,,,,,,,,,,,,,,,,,,,,,,,,,,,,,,,,,,,,,,,,,,,,,,,,,,,,,,,,,,,,,,,,,,,,,,,,,,,,,,,,,,,,,,,,,,,,,,,,,,,,,,,,,,,,,,,,,,,,,
CRS_CNINC,,,,,,,,,,,,,,,,,,,,,,,,,,,,,,,,,,,,,,,,,,,,,,,,,,,,,,,,,,,,,,,,,,,,,,,,,,,,,,,,,,,,,,,,,,,,,,,,,,,,,,,,,,,,,,,,,,,,,,,,,,,,,,,,,,,,,,,,,,,,,,,,,,,,,,,,,,,,,,,,,,,,,,,,,,,,,,,,,,,,,,,,,,,,,,,,,,,,,,,,,,,,,,,,,,,,,,,,,,,,,,,,,,,,,,,,,,,,,,,,,,,
SRVTYPE,,,,,,,,,,,,,,,,,,,,,,,,,,,,,,,,,,,,,,,,,,,,,,,,,,,,,,,,,,,,,,,,,,,,,,,,,,,,,,,,,,,,,,,,,,,,,,,,,,,,,,,,,,,,,,,,,,,,,,,,,,,,,,,,,,,,,,,,,,,,,,,,,,,,,,,,,,,,,,,,,,,,,,,,,,,,,,,,,,,,,,,,,,,,,,,,,,,,,,,,,,,,,,,,,,,,,,,,,,,,,,,,,,,,,,,,,,,,,,,,,,,
BACC,,,,,,,,,,,,,,,,,,,,,,,,,,,,,,,,,,,,,,,,,,,,,,,,,,,,,,,,,,,,,,,,,,,,,,,,,,,,,,,,,,,,,,,,,,,,,,,,,,,,,,,,,,,,,,,,,,,,,,,,,,,,,,,,,,,,,,,,,,,,,,,,,,,,,,,,,,,,,,,,,,,,,,,,,,,,,,,,,,,,,,,,,,,,,,,,,,,,,,,,,,,,,,,,,,,,,,,,,,,,,,,,,,,,,,,,,,,,,,,,,,,
FPG_P,,,,,,,,,,,,,,,,,,,,,,,,,,,,,,,,,,,,,,,,,,,,,,,,,,,,,,,,,,,,,,,,,,,,,,,,,,,,,,,,,,,,,,,,,,,,,,,,,,,,,,,,,,,,,,,,,,,,,,,,,,,,,,,,,,,,,,,,,,,,,,,,,,,,,,,,,,,,,,,,,,,,,,,,,,,,,,,,,,,,,,,,,,,,,,,,,,,,,,,,,,,,,,,,,,,,,,,,,,,,,,,,,,,,,,,,,,,,,,,,,,,
DBTV,,,,,,,,,,,,,,,,,,,,,,,,,,,,,,,,,,,,,,,,,,,,,,,,,,,,,,,,,,,,,,,,,,,,,,,,,,,,,,,,,,,,,,,,,,,,,,,,,,,,,,,,,,,,,,,,,,,,,,,,,,,,,,,,,,,,,,,,,,,,,,,,,,,,,,,,,,,,,,,,,,,,,,,,,,,,,,,,,,,,,,,,,,,,,,,,,,,,,,,,,,,,,,,,,,,,,,,,,,,,,,,,,,,,,,,,,,,,,,,,,,,
TOFF,,,,,,,,,,,,,,,,,,,,,,,,,,,,,,,,,,,,,,,,,,,,,,,,,,,,,,,,,,,,,,,,,,,,,,,,,,,,,,,,,,,,,,,,,,,,,,,,,,,,,,,,,,,,,,,,,,,,,,,,,,,,,,,,,,,,,,,,,,,,,,,,,,,,,,,,,,,,,,,,,,,,,,,,,,,,,,,,,,,,,,,,,,,,,,,,,,,,,,,,,,,,,,,,,,,,,,,,,,,,,,,,,,,,,,,,,,,,,,,,,,,
UCAV_DH_ECO_RT,,,,,,,,,,,,,,,,,,,,,,,,,,,,,,,,,,,,,,,,,,,,,,,,,,,,,,,,,,,,,,,,,,,,,,,,,,,,,,,,,,,,,,,,,,,,,,,,,,,,,,,,,,,,,,,,,,,,,,,,,,,,,,,,,,,,,,,,,,,,,,,,,,,,,,,,,,,,,,,,,,,,,,,,,,,,,,,,,,,,,,,,,,,,,,,,,,,,,,,,,,,,,,,,,,,,,,,,,,,,,,,,,,,,,,,,,,,,,,,,,,,
SHK_ISONIC_RT,,,,,,,,,,,,,,,,,,,,,,,,,,,,,,,,,,,,,,,,,,,,,,,,,,,,,,,,,,,,,,,,,,,,,,,,,,,,,,,,,,,,,,,,,,,,,,,,,,,,,,,,,,,,,,,,,,,,,,,,,,,,,,,,,,,,,,,,,,,,,,,,,,,,,,,,,,,,,,,,,,,,,,,,,,,,,,,,,,,,,,,,,,,,,,,,,,,,,,,,,,,,,,,,,,,,,,,,,,,,,,,,,,,,,,,,,,,,,,,,,,,
GS_G_NC5,,,,,,,,,,,,,,,,,,,,,,,,,,,,,,,,,,,,,,,,,,,,,,,,,,,,,,,,,,,,,,,,,,,,,,,,,,,,,,,,,,,,,,,,,,,,,,,,,,,,,,,,,,,,,,,,,,,,,,,,,,,,,,,,,,,,,,,,,,,,,,,,,,,,,,,,,,,,,,,,,,,,,,,,,,,,,,,,,,,,,,,,,,,,,,,,,,,,,,,,,,,,,,,,,,,,,,,,,,,,,,,,,,,,,,,,,,,,,,,,,,,
ROP5,,,,,,,,,,,,,,,,,,,,,,,,,,,,,,,,,,,,,,,,,,,,,,,,,,,,,,,,,,,,,,,,,,,,,,,,,,,,,,,,,,,,,,,,,,,,,,,,,,,,,,,,,,,,,,,,,,,,,,,,,,,,,,,,,,,,,,,,,,,,,,,,,,,,,,,,,,,,,,,,,,,,,,,,,,,,,,,,,,,,,,,,,,,,,,,,,,,,,,,,,,,,,,,,,,,,,,,,,,,,,,,,,,,,,,,,,,,,,,,,,,,
RGX,,,,,,,,,,,,,,,,,,,,,,,,,,,,,,,,,,,,,,,,,,,,,,,,,,,,,,,,,,,,,,,,,,,,,,,,,,,,,,,,,,,,,,,,,,,,,,,,,,,,,,,,,,,,,,,,,,,,,,,,,,,,,,,,,,,,,,,,,,,,,,,,,,,,,,,,,,,,,,,,,,,,,,,,,,,,,,,,,,,,,,,,,,,,,,,,,,,,,,,,,,,,,,,,,,,,,,,,,,,,,,,,,,,,,,,,,,,,,,,,,,,
TTONB,,,,,,,,,,,,,,,,,,,,,,,,,,,,,,,,,,,,,,,,,,,,,,,,,,,,,,,,,,,,,,,,,,,,,,,,,,,,,,,,,,,,,,,,,,,,,,,,,,,,,,,,,,,,,,,,,,,,,,,,,,,,,,,,,,,,,,,,,,,,,,,,,,,,,,,,,,,,,,,,,,,,,,,,,,,,,,,,,,,,,,,,,,,,,,,,,,,,,,,,,,,,,,,,,,,,,,,,,,,,,,,,,,,,,,,,,,,,,,,,,,,
GS_TVA,,,,,,,,,,,,,,,,,1.0,,,,,,,,,,,,,,0.9018186224091865,0.31732098814623516,,,,0.9962089669194628,,,,,,,,,,,,0.6632248219295345,,,,,0.005936285224679731,,,,,,,0.9962799428693528,,,,,,,,,,,,,,,,,,-0.07170003295774807,,,,,,,,,,,,,-0.010627874919282727,0.594380011681884,,,,0.9968281306915645,,,0.9888570095794701,0.7422319810721363,,0.023253222208740897,,,,,,,0.7422292119413505,,,,,,,,,,,,,,,,,,0.976156136549026,,0.5654909317834746,,,,,,,,,,,,,,,,,,,0.9972273144173158,,,,0.9969151681354804,,,,,,,,0.9968571816208872,,0.0004948848727360401,0.15866011917165546,,,,,,,,,,,0.018504234053237558,,-0.33642300870527747,,,0.9942917811317664,,,-0.07170003295774807,,,,,0.9967564275445646,,,,,,,0.7470863606368157,,,,,,,,0.033526417078361855,0.9970741369257782,,,,0.06597557107709197,,,,,,,,,,,0.5943608114547252,,,-0.0013079110090851523,,,,,,,,,,0.005977621880557612,,,,0.7470869847195601,0.044148134035541436,0.9963107952207039,,,,,,
DCAV_DH_ECO_RT,,,,,,,,,,,,,,,,,,,,,,,,,,,,,,,,,,,,,,,,,,,,,,,,,,,,,,,,,,,,,,,,,,,,,,,,,,,,,,,,,,,,,,,,,,,,,,,,,,,,,,,,,,,,,,,,,,,,,,,,,,,,,,,,,,,,,,,,,,,,,,,,,,,,,,,,,,,,,,,,,,,,,,,,,,,,,,,,,,,,,,,,,,,,,,,,,,,,,,,,,,,,,,,,,,,,,,,,,,,,,,,,,,,,,,,,,,,,,,,,,,,
SPM3,,,,,,,,,,,,,,,,,,,,,,,,,,,,,,,,,,,,,,,,,,,,,,,,,,,,,,,,,,,,,,,,,,,,,,,,,,,,,,,,,,,,,,,,,,,,,,,,,,,,,,,,,,,,,,,,,,,,,,,,,,,,,,,,,,,,,,,,,,,,,,,,,,,,,,,,,,,,,,,,,,,,,,,,,,,,,,,,,,,,,,,,,,,,,,,,,,,,,,,,,,,,,,,,,,,,,,,,,,,,,,,,,,,,,,,,,,,,,,,,,,,
ROP,,,,,,,,,,,,,,,,,,,,,,,,,,,,,,,,,,,,,,,,,,,,,,,,,,,,,,,,,,,,,,,,,,,,,,,,,,,,,,,,,,,,,,,,,,,,,,,,,,,,,,,,,,,,,,,,,,,,,,,,,,,,,,,,,,,,,,,,,,,,,,,,,,,,,,,,,,,,,,,,,,,,,,,,,,,,,,,,,,,,,,,,,,,,,,,,,,,,,,,,,,,,,,,,,,,,,,,,,,,,,,,,,,,,,,,,,,,,,,,,,,,
CRS1,,,,,,,,,,,,,,,,,,,,,,,,,,,,,,,,,,,,,,,,,,,,,,,,,,,,,,,,,,,,,,,,,,,,,,,,,,,,,,,,,,,,,,,,,,,,,,,,,,,,,,,,,,,,,,,,,,,,,,,,,,,,,,,,,,,,,,,,,,,,,,,,,,,,,,,,,,,,,,,,,,,,,,,,,,,,,,,,,,,,,,,,,,,,,,,,,,,,,,,,,,,,,,,,,,,,,,,,,,,,,,,,,,,,,,,,,,,,,,,,,,,
GS_DRTV,,,,,,,,,,,,,,,,,,,,,,,,,,,,,,,,,,,,,,,,,,,,,,,,,,,,,,,,,,,,,,,,,,,,,,,,,,,,,,,,,,,,,,,,,,,,,,,,,,,,,,,,,,,,,,,,,,,,,,,,,,,,,,,,,,,,,,,,,,,,,,,,,,,,,,,,,,,,,,,,,,,,,,,,,,,,,,,,,,,,,,,,,,,,,,,,,,,,,,,,,,,,,,,,,,,,,,,,,,,,,,,,,,,,,,,,,,,,,,,,,,,
PASS_NAME,,,,,,,,,,,,,,,,,,,,,,,,,,,,,,,,,,,,,,,,,,,,,,,,,,,,,,,,,,,,,,,,,,,,,,,,,,,,,,,,,,,,,,,,,,,,,,,,,,,,,,,,,,,,,,,,,,,,,,,,,,,,,,,,,,,,,,,,,,,,,,,,,,,,,,,,,,,,,,,,,,,,,,,,,,,,,,,,,,,,,,,,,,,,,,,,,,,,,,,,,,,,,,,,,,,,,,,,,,,,,,,,,,,,,,,,,,,,,,,,,,,
DRPM30s,,,,,,,,,,,,,,,,,,,,,,,,,,,,,,,,,,,,,,,,,,,,,,,,,,,,,,,,,,,,,,,,,,,,,,,,,,,,,,,,,,,,,,,,,,,,,,,,,,,,,,,,,,,,,,,,,,,,,,,,,,,,,,,,,,,,,,,,,,,,,,,,,,,,,,,,,,,,,,,,,,,,,,,,,,,,,,,,,,,,,,,,,,,,,,,,,,,,,,,,,,,,,,,,,,,,,,,,,,,,,,,,,,,,,,,,,,,,,,,,,,,
SHKPK_RT,,,,,,,,,,,,,,,,,,,,,,,,,,,,,,,,,,,,,,,,,,,,,,,,,,,,,,,,,,,,,,,,,,,,,,,,,,,,,,,,,,,,,,,,,,,,,,,,,,,,,,,,,,,,,,,,,,,,,,,,,,,,,,,,,,,,,,,,,,,,,,,,,,,,,,,,,,,,,,,,,,,,,,,,,,,,,,,,,,,,,,,,,,,,,,,,,,,,,,,,,,,,,,,,,,,,,,,,,,,,,,,,,,,,,,,,,,,,,,,,,,,
MTF_RT,,,,,,,,,,,,,,,,,,,,,,,,,,,,,,,,,,,,,,,,,,,,,,,,,,,,,,,,,,,,,,,,,,,,,,,,,,,,,,,,,,,,,,,,,,,,,,,,,,,,,,,,,,,,,,,,,,,,,,,,,,,,,,,,,,,,,,,,,,,,,,,,,,,,,,,,,,,,,,,,,,,,,,,,,,,,,,,,,,,,,,,,,,,,,,,,,,,,,,,,,,,,,,,,,,,,,,,,,,,,,,,,,,,,,,,,,,,,,,,,,,,
MON_DH_ECO_RT,,,,,,,,,,,,,,,,,,,,,,,,,,,,,,,,,,,,,,,,,,,,,,,,,,,,,,,,,,,,,,,,,,,,,,,,,,,,,,,,,,,,,,,,,,,,,,,,,,,,,,,,,,,,,,,,,,,,,,,,,,,,,,,,,,,,,,,,,,,,,,,,,,,,,,,,,,,,,,,,,,,,,,,,,,,,,,,,,,,,,,,,,,,,,,,,,,,,,,,,,,,,,,,,,,,,,,,,,,,,,,,,,,,,,,,,,,,,,,,,,,,
HKLD30s,,,,,,,,,,,,,,,,,,,,,,,,,,,,,,,,,,,,,,,,,,,,,,,,,,,,,,,,,,,,,,,,,,,,,,,,,,,,,,,,,,,,,,,,,,,,,,,,,,,,,,,,,,,,,,,,,,,,,,,,,,,,,,,,,,,,,,,,,,,,,,,,,,,,,,,,,,,,,,,,,,,,,,,,,,,,,,,,,,,,,,,,,,,,,,,,,,,,,,,,,,,,,,,,,,,,,,,,,,,,,,,,,,,,,,,,,,,,,,,,,,,
PMIN_RT,,,,,,,,,,,,,,,,,,,,,,,,,,,,,,,,,,,,,,,,,,,,,,,,,,,,,,,,,,,,,,,,,,,,,,,,,,,,,,,,,,,,,,,,,,,,,,,,,,,,,,,,,,,,,,,,,,,,,,,,,,,,,,,,,,,,,,,,,,,,,,,,,,,,,,,,,,,,,,,,,,,,,,,,,,,,,,,,,,,,,,,,,,,,,,,,,,,,,,,,,,,,,,,,,,,,,,,,,,,,,,,,,,,,,,,,,,,,,,,,,,,
P40H_COND_UNC_ECO_RT,,,,,,,,,,,,,,,,,,,,,,,,,,,,,,,,,,,,,,,,,,,,,,,,,,,,,,,,,,,,,,,,,,,,,,,,,,,,,,,,,,,,,,,,,,,,,,,,,,,,,,,,,,,,,,,,,,,,,,,,,,,,,,,,,,,,,,,,,,,,,,,,,,,,,,,,,,,,,,,,,,,,,,,,,,,,,,,,,,,,,,,,,,,,,,,,,,,,,,,,,,,,,,,,,,,,,,,,,,,,,,,,,,,,,,,,,,,,,,,,,,,
TTV2,,,,,,,,,,,,,,,,,0.9018186224091865,,,,,,,,,,,,,,1.0,-0.021669528417789286,,,,-0.09788563479274104,,,,,,,,,,,,-0.01997283311335754,,,,,-0.01587587336644416,,,,,,,-0.3033293382042336,,,,,,,,,,,,,,,,,,0.5173449420971362,,,,,,,,,,,,,-0.0010914429263075506,-0.009440757339556025,,,,0.3400748488202498,,,-0.6077408688774897,,,0.028526590329942664,,,,,,,-0.007431973351551742,,,,,,,,,,,,,,,,,,-0.6893456161461694,,0.3168898174278335,,,,,,,,,,,,,,,,,,,0.5476089961269522,,,,0.22953783619427118,,,,,,,,0.10004735133380165,,-0.02166954102442269,-0.39496464938924264,,,,,,,,,,,-0.0326606308000128,,-0.6728598509115775,,,-0.5853200532762047,,,0.5173449420971362,,,,,0.014003026182253063,,,,,,,0.7739167391150252,,,,,,,,0.013339655427168494,0.44376507625971306,,,,0.14416555791399724,,,,,,,,,,,-0.009595628442756968,,,-0.02166954102442269,,,,,,,,,,-0.01587587336644416,,,,0.7750185132343793,-0.4071768190522347,0.049113643683984756,,,,,,
GS_TFLO,,,,,,,,,,,,,,,,,0.31732098814623516,,,,,,,,,,,,,,-0.021669528417789286,1.0,,,,0.00037873788480879527,,,,,,,,,,,,-0.0008525535630649131,,,,,0.0041233966040649965,,,,,,,0.0013719938331028848,,,,,,,,,,,,,,,,,,-0.05579506523399263,,,,,,,,,,,,,-0.0019154230323967071,0.0004985594610511333,,,,0.0004870166662408015,,,0.0072003789383314944,0.0007717673166089334,,0.0005893110979815182,,,,,,,0.0007699531703738383,,,,,,,,,,,,,,,,,,0.012885107170074574,,-0.039461515549486126,,,,,,,,,,,,,,,,,,,-0.000586081152932601,,,,0.00017442090402879575,,,,,,,,-0.033133889413446416,,0.03344016175216542,0.09525838959913725,,,,,,,,,,,0.011411941629335119,,-0.15923047994451672,,,0.003306100598083091,,,-0.05579506523399263,,,,,0.00029049168461940536,,,,,,,0.3961699455279037,,,,,,,,0.00028077745433433357,-0.0002968337538162957,,,,0.037798917691495494,,,,,,,,,,,0.0007155145567995477,,,0.11930384079729094,,,,,,,,,,0.004120483078010041,,,,0.39617150105669674,0.00845990605991784,-0.0007374337924017057,,,,,,
DCHV,,,,,,,,,,,,,,,,,,,,,,,,,,,,,,,,,,,,,,,,,,,,,,,,,,,,,,,,,,,,,,,,,,,,,,,,,,,,,,,,,,,,,,,,,,,,,,,,,,,,,,,,,,,,,,,,,,,,,,,,,,,,,,,,,,,,,,,,,,,,,,,,,,,,,,,,,,,,,,,,,,,,,,,,,,,,,,,,,,,,,,,,,,,,,,,,,,,,,,,,,,,,,,,,,,,,,,,,,,,,,,,,,,,,,,,,,,,,,,,,,,,
MSP1,,,,,,,,,,,,,,,,,,,,,,,,,,,,,,,,,,,,,,,,,,,,,,,,,,,,,,,,,,,,,,,,,,,,,,,,,,,,,,,,,,,,,,,,,,,,,,,,,,,,,,,,,,,,,,,,,,,,,,,,,,,,,,,,,,,,,,,,,,,,,,,,,,,,,,,,,,,,,,,,,,,,,,,,,,,,,,,,,,,,,,,,,,,,,,,,,,,,,,,,,,,,,,,,,,,,,,,,,,,,,,,,,,,,,,,,,,,,,,,,,,,
ECD_MW_IN,,,,,,,,,,,,,,,,,,,,,,,,,,,,,,,,,,,,,,,,,,,,,,,,,,,,,,,,,,,,,,,,,,,,,,,,,,,,,,,,,,,,,,,,,,,,,,,,,,,,,,,,,,,,,,,,,,,,,,,,,,,,,,,,,,,,,,,,,,,,,,,,,,,,,,,,,,,,,,,,,,,,,,,,,,,,,,,,,,,,,,,,,,,,,,,,,,,,,,,,,,,,,,,,,,,,,,,,,,,,,,,,,,,,,,,,,,,,,,,,,,,
GS_TV10,,,,,,,,,,,,,,,,,0.9962089669194628,,,,,,,,,,,,,,-0.09788563479274104,0.00037873788480879527,,,,1.0,,,,,,,,,,,,0.666343748094622,,,,,0.0002827474232201764,,,,,,,0.9994817908995284,,,,,,,,,,,,,,,,,,-0.01038888812242264,,,,,,,,,,,,,-0.0001381653595828784,0.5968174141424699,,,,0.9996092444989091,,,0.9962272098419918,0.742811087482422,,0.0027406536362287854,,,,,,,0.7428108064666418,,,,,,,,,,,,,,,,,,0.9882468337961203,,0.5437851337136043,,,,,,,,,,,,,,,,,,,0.9994809466909662,,,,0.9996848330350696,,,,,,,,0.9984903386075812,,0.00037873300481115605,0.011998174484643282,,,,,,,,,,,0.0017113367903456348,,-0.01864441979422889,,,0.9988483107144731,,,-0.01038888812242264,,,,,0.9996472974083942,,,,,,,0.10537003804004694,,,,,,,,0.0007057304878476979,0.9995823374363533,,,,-0.0019112671608679085,,,,,,,,,,,0.5968329603170391,,,0.00037873300481115605,,,,,,,,,,0.0002827474232201764,,,,0.10537511534443225,0.006955888571875616,0.9993670330183747,,,,,,
P28H_COND_UNC_ECO_RT,,,,,,,,,,,,,,,,,,,,,,,,,,,,,,,,,,,,,,,,,,,,,,,,,,,,,,,,,,,,,,,,,,,,,,,,,,,,,,,,,,,,,,,,,,,,,,,,,,,,,,,,,,,,,,,,,,,,,,,,,,,,,,,,,,,,,,,,,,,,,,,,,,,,,,,,,,,,,,,,,,,,,,,,,,,,,,,,,,,,,,,,,,,,,,,,,,,,,,,,,,,,,,,,,,,,,,,,,,,,,,,,,,,,,,,,,,,,,,,,,,,
GS_GASA,,,,,,,,,,,,,,,,,,,,,,,,,,,,,,,,,,,,,,,,,,,,,,,,,,,,,,,,,,,,,,,,,,,,,,,,,,,,,,,,,,,,,,,,,,,,,,,,,,,,,,,,,,,,,,,,,,,,,,,,,,,,,,,,,,,,,,,,,,,,,,,,,,,,,,,,,,,,,,,,,,,,,,,,,,,,,,,,,,,,,,,,,,,,,,,,,,,,,,,,,,,,,,,,,,,,,,,,,,,,,,,,,,,,,,,,,,,,,,,,,,,
MSP7,,,,,,,,,,,,,,,,,,,,,,,,,,,,,,,,,,,,,,,,,,,,,,,,,,,,,,,,,,,,,,,,,,,,,,,,,,,,,,,,,,,,,,,,,,,,,,,,,,,,,,,,,,,,,,,,,,,,,,,,,,,,,,,,,,,,,,,,,,,,,,,,,,,,,,,,,,,,,,,,,,,,,,,,,,,,,,,,,,,,,,,,,,,,,,,,,,,,,,,,,,,,,,,,,,,,,,,,,,,,,,,,,,,,,,,,,,,,,,,,,,,
DNI_MP,,,,,,,,,,,,,,,,,,,,,,,,,,,,,,,,,,,,,,,,,,,,,,,,,,,,,,,,,,,,,,,,,,,,,,,,,,,,,,,,,,,,,,,,,,,,,,,,,,,,,,,,,,,,,,,,,,,,,,,,,,,,,,,,,,,,,,,,,,,,,,,,,,,,,,,,,,,,,,,,,,,,,,,,,,,,,,,,,,,,,,,,,,,,,,,,,,,,,,,,,,,,,,,,,,,,,,,,,,,,,,,,,,,,,,,,,,,,,,,,,,,
B_RETRACT_P,,,,,,,,,,,,,,,,,,,,,,,,,,,,,,,,,,,,,,,,,,,,,,,,,,,,,,,,,,,,,,,,,,,,,,,,,,,,,,,,,,,,,,,,,,,,,,,,,,,,,,,,,,,,,,,,,,,,,,,,,,,,,,,,,,,,,,,,,,,,,,,,,,,,,,,,,,,,,,,,,,,,,,,,,,,,,,,,,,,,,,,,,,,,,,,,,,,,,,,,,,,,,,,,,,,,,,,,,,,,,,,,,,,,,,,,,,,,,,,,,,,
ECD_ECO_RT,,,,,,,,,,,,,,,,,,,,,,,,,,,,,,,,,,,,,,,,,,,,,,,,,,,,,,,,,,,,,,,,,,,,,,,,,,,,,,,,,,,,,,,,,,,,,,,,,,,,,,,,,,,,,,,,,,,,,,,,,,,,,,,,,,,,,,,,,,,,,,,,,,,,,,,,,,,,,,,,,,,,,,,,,,,,,,,,,,,,,,,,,,,,,,,,,,,,,,,,,,,,,,,,,,,,,,,,,,,,,,,,,,,,,,,,,,,,,,,,,,,
CUREDT_RT,,,,,,,,,,,,,,,,,,,,,,,,,,,,,,,,,,,,,,,,,,,,,,,,,,,,,,,,,,,,,,,,,,,,,,,,,,,,,,,,,,,,,,,,,,,,,,,,,,,,,,,,,,,,,,,,,,,,,,,,,,,,,,,,,,,,,,,,,,,,,,,,,,,,,,,,,,,,,,,,,,,,,,,,,,,,,,,,,,,,,,,,,,,,,,,,,,,,,,,,,,,,,,,,,,,,,,,,,,,,,,,,,,,,,,,,,,,,,,,,,,,
TOFB,,,,,,,,,,,,,,,,,,,,,,,,,,,,,,,,,,,,,,,,,,,,,,,,,,,,,,,,,,,,,,,,,,,,,,,,,,,,,,,,,,,,,,,,,,,,,,,,,,,,,,,,,,,,,,,,,,,,,,,,,,,,,,,,,,,,,,,,,,,,,,,,,,,,,,,,,,,,,,,,,,,,,,,,,,,,,,,,,,,,,,,,,,,,,,,,,,,,,,,,,,,,,,,,,,,,,,,,,,,,,,,,,,,,,,,,,,,,,,,,,,,
SGX,,,,,,,,,,,,,,,,,,,,,,,,,,,,,,,,,,,,,,,,,,,,,,,,,,,,,,,,,,,,,,,,,,,,,,,,,,,,,,,,,,,,,,,,,,,,,,,,,,,,,,,,,,,,,,,,,,,,,,,,,,,,,,,,,,,,,,,,,,,,,,,,,,,,,,,,,,,,,,,,,,,,,,,,,,,,,,,,,,,,,,,,,,,,,,,,,,,,,,,,,,,,,,,,,,,,,,,,,,,,,,,,,,,,,,,,,,,,,,,,,,,
AZIM_CONT_RT,,,,,,,,,,,,,,,,,,,,,,,,,,,,,,,,,,,,,,,,,,,,,,,,,,,,,,,,,,,,,,,,,,,,,,,,,,,,,,,,,,,,,,,,,,,,,,,,,,,,,,,,,,,,,,,,,,,,,,,,,,,,,,,,,,,,,,,,,,,,,,,,,,,,,,,,,,,,,,,,,,,,,,,,,,,,,,,,,,,,,,,,,,,,,,,,,,,,,,,,,,,,,,,,,,,,,,,,,,,,,,,,,,,,,,,,,,,,,,,,,,,
SPM1,,,,,,,,,,,,,,,,,,,,,,,,,,,,,,,,,,,,,,,,,,,,,,,,,,,,,,,,,,,,,,,,,,,,,,,,,,,,,,,,,,,,,,,,,,,,,,,,,,,,,,,,,,,,,,,,,,,,,,,,,,,,,,,,,,,,,,,,,,,,,,,,,,,,,,,,,,,,,,,,,,,,,,,,,,,,,,,,,,,,,,,,,,,,,,,,,,,,,,,,,,,,,,,,,,,,,,,,,,,,,,,,,,,,,,,,,,,,,,,,,,,
GS_TV13,,,,,,,,,,,,,,,,,0.6632248219295345,,,,,,,,,,,,,,-0.01997283311335754,-0.0008525535630649131,,,,0.666343748094622,,,,,,,,,,,,1.0,,,,,-4.4122499479918535e-05,,,,,,,0.6666065522520126,,,,,,,,,,,,,,,,,,-0.012300929145015608,,,,,,,,,,,,,-0.00015673381339474676,0.39779903052141713,,,,0.6665805206523178,,,0.6648717501867654,0.49508015809888073,,-0.00017655029979589837,,,,,,,0.4950811529412491,,,,,,,,,,,,,,,,,,0.6601663867197811,,0.35736592983682264,,,,,,,,,,,,,,,,,,,0.6662709136946626,,,,0.6663801791073278,,,,,,,,0.6658887787075914,,-0.0008525582594207534,0.01549698002902007,,,,,,,,,,,0.0016088192365211727,,-0.01857682779463395,,,0.6662931417220967,,,-0.012300929145015608,,,,,0.6665760207145542,,,,,,,0.06675070332122819,,,,,,,,0.00361221957992056,0.6666801001848447,,,,-0.0025571615586420476,,,,,,,,,,,0.397802114038319,,,-0.0008525582594207534,,,,,,,,,,-4.4122499479918535e-05,,,,0.06675158007576122,0.0169549232193053,0.6661326774170349,,,,,,
GY_RT,,,,,,,,,,,,,,,,,,,,,,,,,,,,,,,,,,,,,,,,,,,,,,,,,,,,,,,,,,,,,,,,,,,,,,,,,,,,,,,,,,,,,,,,,,,,,,,,,,,,,,,,,,,,,,,,,,,,,,,,,,,,,,,,,,,,,,,,,,,,,,,,,,,,,,,,,,,,,,,,,,,,,,,,,,,,,,,,,,,,,,,,,,,,,,,,,,,,,,,,,,,,,,,,,,,,,,,,,,,,,,,,,,,,,,,,,,,,,,,,,,,
GS_G_IC5,,,,,,,,,,,,,,,,,,,,,,,,,,,,,,,,,,,,,,,,,,,,,,,,,,,,,,,,,,,,,,,,,,,,,,,,,,,,,,,,,,,,,,,,,,,,,,,,,,,,,,,,,,,,,,,,,,,,,,,,,,,,,,,,,,,,,,,,,,,,,,,,,,,,,,,,,,,,,,,,,,,,,,,,,,,,,,,,,,,,,,,,,,,,,,,,,,,,,,,,,,,,,,,,,,,,,,,,,,,,,,,,,,,,,,,,,,,,,,,,,,,
MAG_DEC,,,,,,,,,,,,,,,,,,,,,,,,,,,,,,,,,,,,,,,,,,,,,,,,,,,,,,,,,,,,,,,,,,,,,,,,,,,,,,,,,,,,,,,,,,,,,,,,,,,,,,,,,,,,,,,,,,,,,,,,,,,,,,,,,,,,,,,,,,,,,,,,,,,,,,,,,,,,,,,,,,,,,,,,,,,,,,,,,,,,,,,,,,,,,,,,,,,,,,,,,,,,,,,,,,,,,,,,,,,,,,,,,,,,,,,,,,,,,,,,,,,
A40H_UNC_DH_ECO_RT,,,,,,,,,,,,,,,,,,,,,,,,,,,,,,,,,,,,,,,,,,,,,,,,,,,,,,,,,,,,,,,,,,,,,,,,,,,,,,,,,,,,,,,,,,,,,,,,,,,,,,,,,,,,,,,,,,,,,,,,,,,,,,,,,,,,,,,,,,,,,,,,,,,,,,,,,,,,,,,,,,,,,,,,,,,,,,,,,,,,,,,,,,,,,,,,,,,,,,,,,,,,,,,,,,,,,,,,,,,,,,,,,,,,,,,,,,,,,,,,,,,
GS_RPM,,,,,,,,,,,,,,,,,0.005936285224679731,,,,,,,,,,,,,,-0.01587587336644416,0.0041233966040649965,,,,0.0002827474232201764,,,,,,,,,,,,-4.4122499479918535e-05,,,,,1.0,,,,,,,0.0008586776485200815,,,,,,,,,,,,,,,,,,-0.057450509823861684,,,,,,,,,,,,,-0.01973701971428833,0.0003897909389083006,,,,0.00011849192492609207,,,0.005338619529724256,0.0005883313981104014,,0.00044080472296214527,,,,,,,0.0005933875427214647,,,,,,,,,,,,,,,,,,0.010109650658347296,,-0.02440156287389774,,,,,,,,,,,,,,,,,,,-0.00041170180791067314,,,,-0.00019579497752951328,,,,,,,,-0.0020155998060056935,,-0.0013066597243580763,0.013167530858539075,,,,,,,,,,,-0.0033108749228901485,,0.03779168967999805,,,0.002433846185716352,,,-0.057450509823861684,,,,,0.0002661347115728091,,,,,,,0.008446232758609597,,,,,,,,0.0002149437647662876,0.0001231124844591675,,,,-0.06425677398307242,,,,,,,,,,,0.0005447785089622082,,,-0.0013293412828260433,,,,,,,,,,1.0,,,,0.008445535311023286,0.006416287047640737,-0.0005320718526450753,,,,,,
HY_RT,,,,,,,,,,,,,,,,,,,,,,,,,,,,,,,,,,,,,,,,,,,,,,,,,,,,,,,,,,,,,,,,,,,,,,,,,,,,,,,,,,,,,,,,,,,,,,,,,,,,,,,,,,,,,,,,,,,,,,,,,,,,,,,,,,,,,,,,,,,,,,,,,,,,,,,,,,,,,,,,,,,,,,,,,,,,,,,,,,,,,,,,,,,,,,,,,,,,,,,,,,,,,,,,,,,,,,,,,,,,,,,,,,,,,,,,,,,,,,,,,,,
ETSL,,,,,,,,,,,,,,,,,,,,,,,,,,,,,,,,,,,,,,,,,,,,,,,,,,,,,,,,,,,,,,,,,,,,,,,,,,,,,,,,,,,,,,,,,,,,,,,,,,,,,,,,,,,,,,,,,,,,,,,,,,,,,,,,,,,,,,,,,,,,,,,,,,,,,,,,,,,,,,,,,,,,,,,,,,,,,,,,,,,,,,,,,,,,,,,,,,,,,,,,,,,,,,,,,,,,,,,,,,,,,,,,,,,,,,,,,,,,,,,,,,,
STAT_ISONIC_RT,,,,,,,,,,,,,,,,,,,,,,,,,,,,,,,,,,,,,,,,,,,,,,,,,,,,,,,,,,,,,,,,,,,,,,,,,,,,,,,,,,,,,,,,,,,,,,,,,,,,,,,,,,,,,,,,,,,,,,,,,,,,,,,,,,,,,,,,,,,,,,,,,,,,,,,,,,,,,,,,,,,,,,,,,,,,,,,,,,,,,,,,,,,,,,,,,,,,,,,,,,,,,,,,,,,,,,,,,,,,,,,,,,,,,,,,,,,,,,,,,,,
BVEL,,,,,,,,,,,,,,,,,,,,,,,,,,,,,,,,,,,,,,,,,,,,,,,,,,,,,,,,,,,,,,,,,,,,,,,,,,,,,,,,,,,,,,,,,,,,,,,,,,,,,,,,,,,,,,,,,,,,,,,,,,,,,,,,,,,,,,,,,,,,,,,,,,,,,,,,,,,,,,,,,,,,,,,,,,,,,,,,,,,,,,,,,,,,,,,,,,,,,,,,,,,,,,,,,,,,,,,,,,,,,,,,,,,,,,,,,,,,,,,,,,,
AJAM_MWD,,,,,,,,,,,,,,,,,,,,,,,,,,,,,,,,,,,,,,,,,,,,,,,,,,,,,,,,,,,,,,,,,,,,,,,,,,,,,,,,,,,,,,,,,,,,,,,,,,,,,,,,,,,,,,,,,,,,,,,,,,,,,,,,,,,,,,,,,,,,,,,,,,,,,,,,,,,,,,,,,,,,,,,,,,,,,,,,,,,,,,,,,,,,,,,,,,,,,,,,,,,,,,,,,,,,,,,,,,,,,,,,,,,,,,,,,,,,,,,,,,,
MSP2,,,,,,,,,,,,,,,,,,,,,,,,,,,,,,,,,,,,,,,,,,,,,,,,,,,,,,,,,,,,,,,,,,,,,,,,,,,,,,,,,,,,,,,,,,,,,,,,,,,,,,,,,,,,,,,,,,,,,,,,,,,,,,,,,,,,,,,,,,,,,,,,,,,,,,,,,,,,,,,,,,,,,,,,,,,,,,,,,,,,,,,,,,,,,,,,,,,,,,,,,,,,,,,,,,,,,,,,,,,,,,,,,,,,,,,,,,,,,,,,,,,
GS_TV11,,,,,,,,,,,,,,,,,0.9962799428693528,,,,,,,,,,,,,,-0.3033293382042336,0.0013719938331028848,,,,0.9994817908995284,,,,,,,,,,,,0.6666065522520126,,,,,0.0008586776485200815,,,,,,,1.0,,,,,,,,,,,,,,,,,,-0.010755301375212275,,,,,,,,,,,,,-0.0003042267224381862,0.5969352788239002,,,,0.9999109192929068,,,0.9972992334841554,0.7427266911224626,,-0.0020940457842788503,,,,,,,0.7427267671638973,,,,,,,,,,,,,,,,,,0.9899520286364744,,0.5404157638653133,,,,,,,,,,,,,,,,,,,0.9997955877156038,,,,0.9997598490538198,,,,,,,,0.9986528303477881,,0.0013719940030525288,0.006510715053243435,,,,,,,,,,,-0.0011324469981930096,,-0.00604274765779449,,,0.9997133104889588,,,-0.010755301375212275,,,,,0.9998963428639196,,,,,,,0.10566624971638684,,,,,,,,0.0022285362613132073,0.9998457074564105,,,,-0.006154343421696236,,,,,,,,,,,0.5969358136236599,,,0.0013719940030525288,,,,,,,,,,0.0008586776485200815,,,,0.10567335157583868,0.01110644967619017,0.9988633537783637,,,,,,
SHKTOT_RT,,,,,,,,,,,,,,,,,,,,,,,,,,,,,,,,,,,,,,,,,,,,,,,,,,,,,,,,,,,,,,,,,,,,,,,,,,,,,,,,,,,,,,,,,,,,,,,,,,,,,,,,,,,,,,,,,,,,,,,,,,,,,,,,,,,,,,,,,,,,,,,,,,,,,,,,,,,,,,,,,,,,,,,,,,,,,,,,,,,,,,,,,,,,,,,,,,,,,,,,,,,,,,,,,,,,,,,,,,,,,,,,,,,,,,,,,,,,,,,,,,,
CRS4,,,,,,,,,,,,,,,,,,,,,,,,,,,,,,,,,,,,,,,,,,,,,,,,,,,,,,,,,,,,,,,,,,,,,,,,,,,,,,,,,,,,,,,,,,,,,,,,,,,,,,,,,,,,,,,,,,,,,,,,,,,,,,,,,,,,,,,,,,,,,,,,,,,,,,,,,,,,,,,,,,,,,,,,,,,,,,,,,,,,,,,,,,,,,,,,,,,,,,,,,,,,,,,,,,,,,,,,,,,,,,,,,,,,,,,,,,,,,,,,,,,
HKLX,,,,,,,,,,,,,,,,,,,,,,,,,,,,,,,,,,,,,,,,,,,,,,,,,,,,,,,,,,,,,,,,,,,,,,,,,,,,,,,,,,,,,,,,,,,,,,,,,,,,,,,,,,,,,,,,,,,,,,,,,,,,,,,,,,,,,,,,,,,,,,,,,,,,,,,,,,,,,,,,,,,,,,,,,,,,,,,,,,,,,,,,,,,,,,,,,,,,,,,,,,,,,,,,,,,,,,,,,,,,,,,,,,,,,,,,,,,,,,,,,,,
SPM2,,,,,,,,,,,,,,,,,,,,,,,,,,,,,,,,,,,,,,,,,,,,,,,,,,,,,,,,,,,,,,,,,,,,,,,,,,,,,,,,,,,,,,,,,,,,,,,,,,,,,,,,,,,,,,,,,,,,,,,,,,,,,,,,,,,,,,,,,,,,,,,,,,,,,,,,,,,,,,,,,,,,,,,,,,,,,,,,,,,,,,,,,,,,,,,,,,,,,,,,,,,,,,,,,,,,,,,,,,,,,,,,,,,,,,,,,,,,,,,,,,,
RPM30s,,,,,,,,,,,,,,,,,,,,,,,,,,,,,,,,,,,,,,,,,,,,,,,,,,,,,,,,,,,,,,,,,,,,,,,,,,,,,,,,,,,,,,,,,,,,,,,,,,,,,,,,,,,,,,,,,,,,,,,,,,,,,,,,,,,,,,,,,,,,,,,,,,,,,,,,,,,,,,,,,,,,,,,,,,,,,,,,,,,,,,,,,,,,,,,,,,,,,,,,,,,,,,,,,,,,,,,,,,,,,,,,,,,,,,,,,,,,,,,,,,,
DHAT_DH_ECO_RT,,,,,,,,,,,,,,,,,,,,,,,,,,,,,,,,,,,,,,,,,,,,,,,,,,,,,,,,,,,,,,,,,,,,,,,,,,,,,,,,,,,,,,,,,,,,,,,,,,,,,,,,,,,,,,,,,,,,,,,,,,,,,,,,,,,,,,,,,,,,,,,,,,,,,,,,,,,,,,,,,,,,,,,,,,,,,,,,,,,,,,,,,,,,,,,,,,,,,,,,,,,,,,,,,,,,,,,,,,,,,,,,,,,,,,,,,,,,,,,,,,,
SRV_HY,,,,,,,,,,,,,,,,,,,,,,,,,,,,,,,,,,,,,,,,,,,,,,,,,,,,,,,,,,,,,,,,,,,,,,,,,,,,,,,,,,,,,,,,,,,,,,,,,,,,,,,,,,,,,,,,,,,,,,,,,,,,,,,,,,,,,,,,,,,,,,,,,,,,,,,,,,,,,,,,,,,,,,,,,,,,,,,,,,,,,,,,,,,,,,,,,,,,,,,,,,,,,,,,,,,,,,,,,,,,,,,,,,,,,,,,,,,,,,,,,,,
PPG_P,,,,,,,,,,,,,,,,,,,,,,,,,,,,,,,,,,,,,,,,,,,,,,,,,,,,,,,,,,,,,,,,,,,,,,,,,,,,,,,,,,,,,,,,,,,,,,,,,,,,,,,,,,,,,,,,,,,,,,,,,,,,,,,,,,,,,,,,,,,,,,,,,,,,,,,,,,,,,,,,,,,,,,,,,,,,,,,,,,,,,,,,,,,,,,,,,,,,,,,,,,,,,,,,,,,,,,,,,,,,,,,,,,,,,,,,,,,,,,,,,,,
SRVAZI,,,,,,,,,,,,,,,,,,,,,,,,,,,,,,,,,,,,,,,,,,,,,,,,,,,,,,,,,,,,,,,,,,,,,,,,,,,,,,,,,,,,,,,,,,,,,,,,,,,,,,,,,,,,,,,,,,,,,,,,,,,,,,,,,,,,,,,,,,,,,,,,,,,,,,,,,,,,,,,,,,,,,,,,,,,,,,,,,,,,,,,,,,,,,,,,,,,,,,,,,,,,,,,,,,,,,,,,,,,,,,,,,,,,,,,,,,,,,,,,,,,
TSTK,,,,,,,,,,,,,,,,,,,,,,,,,,,,,,,,,,,,,,,,,,,,,,,,,,,,,,,,,,,,,,,,,,,,,,,,,,,,,,,,,,,,,,,,,,,,,,,,,,,,,,,,,,,,,,,,,,,,,,,,,,,,,,,,,,,,,,,,,,,,,,,,,,,,,,,,,,,,,,,,,,,,,,,,,,,,,,,,,,,,,,,,,,,,,,,,,,,,,,,,,,,,,,,,,,,,,,,,,,,,,,,,,,,,,,,,,,,,,,,,,,,
PMAX_TM_RT,,,,,,,,,,,,,,,,,,,,,,,,,,,,,,,,,,,,,,,,,,,,,,,,,,,,,,,,,,,,,,,,,,,,,,,,,,,,,,,,,,,,,,,,,,,,,,,,,,,,,,,,,,,,,,,,,,,,,,,,,,,,,,,,,,,,,,,,,,,,,,,,,,,,,,,,,,,,,,,,,,,,,,,,,,,,,,,,,,,,,,,,,,,,,,,,,,,,,,,,,,,,,,,,,,,,,,,,,,,,,,,,,,,,,,,,,,,,,,,,,,,
DTPO_RT,,,,,,,,,,,,,,,,,,,,,,,,,,,,,,,,,,,,,,,,,,,,,,,,,,,,,,,,,,,,,,,,,,,,,,,,,,,,,,,,,,,,,,,,,,,,,,,,,,,,,,,,,,,,,,,,,,,,,,,,,,,,,,,,,,,,,,,,,,,,,,,,,,,,,,,,,,,,,,,,,,,,,,,,,,,,,,,,,,,,,,,,,,,,,,,,,,,,,,,,,,,,,,,,,,,,,,,,,,,,,,,,,,,,,,,,,,,,,,,,,,,
ESD_MAX_RT,,,,,,,,,,,,,,,,,,,,,,,,,,,,,,,,,,,,,,,,,,,,,,,,,,,,,,,,,,,,,,,,,,,,,,,,,,,,,,,,,,,,,,,,,,,,,,,,,,,,,,,,,,,,,,,,,,,,,,,,,,,,,,,,,,,,,,,,,,,,,,,,,,,,,,,,,,,,,,,,,,,,,,,,,,,,,,,,,,,,,,,,,,,,,,,,,,,,,,,,,,,,,,,,,,,,,,,,,,,,,,,,,,,,,,,,,,,,,,,,,,,
ESD_MIN_RT,,,,,,,,,,,,,,,,,,,,,,,,,,,,,,,,,,,,,,,,,,,,,,,,,,,,,,,,,,,,,,,,,,,,,,,,,,,,,,,,,,,,,,,,,,,,,,,,,,,,,,,,,,,,,,,,,,,,,,,,,,,,,,,,,,,,,,,,,,,,,,,,,,,,,,,,,,,,,,,,,,,,,,,,,,,,,,,,,,,,,,,,,,,,,,,,,,,,,,,,,,,,,,,,,,,,,,,,,,,,,,,,,,,,,,,,,,,,,,,,,,,
SPM4,,,,,,,,,,,,,,,,,,,,,,,,,,,,,,,,,,,,,,,,,,,,,,,,,,,,,,,,,,,,,,,,,,,,,,,,,,,,,,,,,,,,,,,,,,,,,,,,,,,,,,,,,,,,,,,,,,,,,,,,,,,,,,,,,,,,,,,,,,,,,,,,,,,,,,,,,,,,,,,,,,,,,,,,,,,,,,,,,,,,,,,,,,,,,,,,,,,,,,,,,,,,,,,,,,,,,,,,,,,,,,,,,,,,,,,,,,,,,,,,,,,
GS_SWOB,,,,,,,,,,,,,,,,,,,,,,,,,,,,,,,,,,,,,,,,,,,,,,,,,,,,,,,,,,,,,,,,,,,,,,,,,,,,,,,,,,,,,,,,,,,,,,,,,,,,,,,,,,,,,,,,,,,,,,,,,,,,,,,,,,,,,,,,,,,,,,,,,,,,,,,,,,,,,,,,,,,,,,,,,,,,,,,,,,,,,,,,,,,,,,,,,,,,,,,,,,,,,,,,,,,,,,,,,,,,,,,,,,,,,,,,,,,,,,,,,,,
SHZ,,,,,,,,,,,,,,,,,,,,,,,,,,,,,,,,,,,,,,,,,,,,,,,,,,,,,,,,,,,,,,,,,,,,,,,,,,,,,,,,,,,,,,,,,,,,,,,,,,,,,,,,,,,,,,,,,,,,,,,,,,,,,,,,,,,,,,,,,,,,,,,,,,,,,,,,,,,,,,,,,,,,,,,,,,,,,,,,,,,,,,,,,,,,,,,,,,,,,,,,,,,,,,,,,,,,,,,,,,,,,,,,,,,,,,,,,,,,,,,,,,,
RSDX,,,,,,,,,,,,,,,,,-0.07170003295774807,,,,,,,,,,,,,,0.5173449420971362,-0.05579506523399263,,,,-0.01038888812242264,,,,,,,,,,,,-0.012300929145015608,,,,,-0.057450509823861684,,,,,,,-0.010755301375212275,,,,,,,,,,,,,,,,,,1.0,,,,,,,,,,,,,0.018062371641869704,-0.006311487304391738,,,,-0.0024886327276056617,,,-0.06664341976091455,-0.007739588932237396,,-0.005408426636138586,,,,,,,-0.007733967784354342,,,,,,,,,,,,,,,,,,-0.12375141723149004,,0.3278064868187597,,,,,,,,,,,,,,,,,,,0.005263351898114791,,,,0.0003937053378559597,,,,,,,,0.00902510738625732,,-0.0766406512292224,-0.1981849682017934,,,,,,,,,,,0.12335039856496144,,-0.4303516561629923,,,-0.02724637434665419,,,1.0,,,,,-0.0036027099494436343,,,,,,,-0.10097701496884544,,,,,,,,-0.0035053734010238877,0.0004564429764247092,,,,0.09721742657443798,,,,,,,,,,,-0.007090768102397561,,,-0.07645974618677008,,,,,,,,,,-0.057456187874054744,,,,-0.10096064380811949,-0.07910545706122787,0.0052355039921382065,,,,,,
DEPT,,,,,,,,,,,,,,,,,,,,,,,,,,,,,,,,,,,,,,,,,,,,,,,,,,,,,,,,,,,,,,,,,,,,,,,,,,,,,,,,,,,,,,,,,,,,,,,,,,,,,,,,,,,,,,,,,,,,,,,,,,,,,,,,,,,,,,,,,,,,,,,,,,,,,,,,,,,,,,,,,,,,,,,,,,,,,,,,,,,,,,,,,,,,,,,,,,,,,,,,,,,,,,,,,,,,,,,,,,,,,,,,,,,,,,,,,,,,,,,,,,,
RPM,,,,,,,,,,,,,,,,,,,,,,,,,,,,,,,,,,,,,,,,,,,,,,,,,,,,,,,,,,,,,,,,,,,,,,,,,,,,,,,,,,,,,,,,,,,,,,,,,,,,,,,,,,,,,,,,,,,,,,,,,,,,,,,,,,,,,,,,,,,,,,,,,,,,,,,,,,,,,,,,,,,,,,,,,,,,,,,,,,,,,,,,,,,,,,,,,,,,,,,,,,,,,,,,,,,,,,,,,,,,,,,,,,,,,,,,,,,,,,,,,,,
GS_ROP,,,,,,,,,,,,,,,,,,,,,,,,,,,,,,,,,,,,,,,,,,,,,,,,,,,,,,,,,,,,,,,,,,,,,,,,,,,,,,,,,,,,,,,,,,,,,,,,,,,,,,,,,,,,,,,,,,,,,,,,,,,,,,,,,,,,,,,,,,,,,,,,,,,,,,,,,,,,,,,,,,,,,,,,,,,,,,,,,,,,,,,,,,,,,,,,,,,,,,,,,,,,,,,,,,,,,,,,,,,,,,,,,,,,,,,,,,,,,,,,,,,
SRVINC,,,,,,,,,,,,,,,,,,,,,,,,,,,,,,,,,,,,,,,,,,,,,,,,,,,,,,,,,,,,,,,,,,,,,,,,,,,,,,,,,,,,,,,,,,,,,,,,,,,,,,,,,,,,,,,,,,,,,,,,,,,,,,,,,,,,,,,,,,,,,,,,,,,,,,,,,,,,,,,,,,,,,,,,,,,,,,,,,,,,,,,,,,,,,,,,,,,,,,,,,,,,,,,,,,,,,,,,,,,,,,,,,,,,,,,,,,,,,,,,,,,
SHY,,,,,,,,,,,,,,,,,,,,,,,,,,,,,,,,,,,,,,,,,,,,,,,,,,,,,,,,,,,,,,,,,,,,,,,,,,,,,,,,,,,,,,,,,,,,,,,,,,,,,,,,,,,,,,,,,,,,,,,,,,,,,,,,,,,,,,,,,,,,,,,,,,,,,,,,,,,,,,,,,,,,,,,,,,,,,,,,,,,,,,,,,,,,,,,,,,,,,,,,,,,,,,,,,,,,,,,,,,,,,,,,,,,,,,,,,,,,,,,,,,,
EDRT,,,,,,,,,,,,,,,,,,,,,,,,,,,,,,,,,,,,,,,,,,,,,,,,,,,,,,,,,,,,,,,,,,,,,,,,,,,,,,,,,,,,,,,,,,,,,,,,,,,,,,,,,,,,,,,,,,,,,,,,,,,,,,,,,,,,,,,,,,,,,,,,,,,,,,,,,,,,,,,,,,,,,,,,,,,,,,,,,,,,,,,,,,,,,,,,,,,,,,,,,,,,,,,,,,,,,,,,,,,,,,,,,,,,,,,,,,,,,,,,,,,
SHKLV,,,,,,,,,,,,,,,,,,,,,,,,,,,,,,,,,,,,,,,,,,,,,,,,,,,,,,,,,,,,,,,,,,,,,,,,,,,,,,,,,,,,,,,,,,,,,,,,,,,,,,,,,,,,,,,,,,,,,,,,,,,,,,,,,,,,,,,,,,,,,,,,,,,,,,,,,,,,,,,,,,,,,,,,,,,,,,,,,,,,,,,,,,,,,,,,,,,,,,,,,,,,,,,,,,,,,,,,,,,,,,,,,,,,,,,,,,,,,,,,,,,
GS_G_C3,,,,,,,,,,,,,,,,,,,,,,,,,,,,,,,,,,,,,,,,,,,,,,,,,,,,,,,,,,,,,,,,,,,,,,,,,,,,,,,,,,,,,,,,,,,,,,,,,,,,,,,,,,,,,,,,,,,,,,,,,,,,,,,,,,,,,,,,,,,,,,,,,,,,,,,,,,,,,,,,,,,,,,,,,,,,,,,,,,,,,,,,,,,,,,,,,,,,,,,,,,,,,,,,,,,,,,,,,,,,,,,,,,,,,,,,,,,,,,,,,,,
CHCO_RT,,,,,,,,,,,,,,,,,,,,,,,,,,,,,,,,,,,,,,,,,,,,,,,,,,,,,,,,,,,,,,,,,,,,,,,,,,,,,,,,,,,,,,,,,,,,,,,,,,,,,,,,,,,,,,,,,,,,,,,,,,,,,,,,,,,,,,,,,,,,,,,,,,,,,,,,,,,,,,,,,,,,,,,,,,,,,,,,,,,,,,,,,,,,,,,,,,,,,,,,,,,,,,,,,,,,,,,,,,,,,,,,,,,,,,,,,,,,,,,,,,,
RGX_RT,,,,,,,,,,,,,,,,,,,,,,,,,,,,,,,,,,,,,,,,,,,,,,,,,,,,,,,,,,,,,,,,,,,,,,,,,,,,,,,,,,,,,,,,,,,,,,,,,,,,,,,,,,,,,,,,,,,,,,,,,,,,,,,,,,,,,,,,,,,,,,,,,,,,,,,,,,,,,,,,,,,,,,,,,,,,,,,,,,,,,,,,,,,,,,,,,,,,,,,,,,,,,,,,,,,,,,,,,,,,,,,,,,,,,,,,,,,,,,,,,,,
STICK_RT,,,,,,,,,,,,,,,,,,,,,,,,,,,,,,,,,,,,,,,,,,,,,,,,,,,,,,,,,,,,,,,,,,,,,,,,,,,,,,,,,,,,,,,,,,,,,,,,,,,,,,,,,,,,,,,,,,,,,,,,,,,,,,,,,,,,,,,,,,,,,,,,,,,,,,,,,,,,,,,,,,,,,,,,,,,,,,,,,,,,,,,,,,,,,,,,,,,,,,,,,,,,,,,,,,,,,,,,,,,,,,,,,,,,,,,,,,,,,,,,,,,
MBOT,,,,,,,,,,,,,,,,,,,,,,,,,,,,,,,,,,,,,,,,,,,,,,,,,,,,,,,,,,,,,,,,,,,,,,,,,,,,,,,,,,,,,,,,,,,,,,,,,,,,,,,,,,,,,,,,,,,,,,,,,,,,,,,,,,,,,,,,,,,,,,,,,,,,,,,,,,,,,,,,,,,,,,,,,,,,,,,,,,,,,,,,,,,,,,,,,,,,,,,,,,,,,,,,,,,,,,,,,,,,,,,,,,,,,,,,,,,,,,,,,,,
GS_TQA,,,,,,,,,,,,,,,,,-0.010627874919282727,,,,,,,,,,,,,,-0.0010914429263075506,-0.0019154230323967071,,,,-0.0001381653595828784,,,,,,,,,,,,-0.00015673381339474676,,,,,-0.01973701971428833,,,,,,,-0.0003042267224381862,,,,,,,,,,,,,,,,,,0.018062371641869704,,,,,,,,,,,,,1.0,-0.00030296120211524563,,,,-0.0002651533143130704,,,-0.0020454497323075887,-0.00038791258011922216,,-0.00026755896451095194,,,,,,,-0.00038606584696106595,,,,,,,,,,,,,,,,,,-0.0027279528733366335,,0.006949042306228402,,,,,,,,,,,,,,,,,,,7.336267023547754e-05,,,,5.199142529143153e-06,,,,,,,,0.000572912039228172,,0.0008294337078140175,1.8671357316998273e-05,,,,,,,,,,,0.0020000211185306764,,-0.003843441284274024,,,-0.0007736829470987293,,,0.018062371641869704,,,,,-0.00022621846670557036,,,,,,,-0.014893675766184103,,,,,,,,-0.00011119332426392877,-6.886903863236689e-05,,,,0.027298442966002236,,,,,,,,,,,-0.0003542693434299858,,,0.0008402927015160847,,,,,,,,,,-0.01973701971428833,,,,-0.01489379118151991,-0.004636679099517584,0.00028825999549672625,,,,,,
GS_TV12,,,,,,,,,,,,,,,,,0.594380011681884,,,,,,,,,,,,,,-0.009440757339556025,0.0004985594610511333,,,,0.5968174141424699,,,,,,,,,,,,0.39779903052141713,,,,,0.0003897909389083006,,,,,,,0.5969352788239002,,,,,,,,,,,,,,,,,,-0.006311487304391738,,,,,,,,,,,,,-0.00030296120211524563,1.0,,,,0.5969304924273113,,,0.5949368396436754,0.44337218878263757,,-0.00016438037316443018,,,,,,,0.443373028019903,,,,,,,,,,,,,,,,,,0.5903137243327629,,0.9112563864083634,,,,,,,,,,,,,,,,,,,0.596754213665045,,,,0.5969581834647907,,,,,,,,0.5962199995138985,,0.0004985590762539251,0.011503200821748025,,,,,,,,,,,0.0019535529194273506,,-0.021200977378148772,,,0.5965174281084341,,,-0.006311487304391741,,,,,0.5969876026406551,,,,,,,0.060475871368106913,,,,,,,,0.002989978785402835,0.596951311591934,,,,-0.004224760536055403,,,,,,,,,,,0.999997913585886,,,0.0004985590762539251,,,,,,,,,,0.0003897909389083006,,,,0.060479328610083954,0.01274198843608121,0.5966662242188441,,,,,,
HSTEMP,,,,,,,,,,,,,,,,,,,,,,,,,,,,,,,,,,,,,,,,,,,,,,,,,,,,,,,,,,,,,,,,,,,,,,,,,,,,,,,,,,,,,,,,,,,,,,,,,,,,,,,,,,,,,,,,,,,,,,,,,,,,,,,,,,,,,,,,,,,,,,,,,,,,,,,,,,,,,,,,,,,,,,,,,,,,,,,,,,,,,,,,,,,,,,,,,,,,,,,,,,,,,,,,,,,,,,,,,,,,,,,,,,,,,,,,,,,,,,,,,,,
MSP8,,,,,,,,,,,,,,,,,,,,,,,,,,,,,,,,,,,,,,,,,,,,,,,,,,,,,,,,,,,,,,,,,,,,,,,,,,,,,,,,,,,,,,,,,,,,,,,,,,,,,,,,,,,,,,,,,,,,,,,,,,,,,,,,,,,,,,,,,,,,,,,,,,,,,,,,,,,,,,,,,,,,,,,,,,,,,,,,,,,,,,,,,,,,,,,,,,,,,,,,,,,,,,,,,,,,,,,,,,,,,,,,,,,,,,,,,,,,,,,,,,,
SGY,,,,,,,,,,,,,,,,,,,,,,,,,,,,,,,,,,,,,,,,,,,,,,,,,,,,,,,,,,,,,,,,,,,,,,,,,,,,,,,,,,,,,,,,,,,,,,,,,,,,,,,,,,,,,,,,,,,,,,,,,,,,,,,,,,,,,,,,,,,,,,,,,,,,,,,,,,,,,,,,,,,,,,,,,,,,,,,,,,,,,,,,,,,,,,,,,,,,,,,,,,,,,,,,,,,,,,,,,,,,,,,,,,,,,,,,,,,,,,,,,,,
GS_TV06,,,,,,,,,,,,,,,,,0.9968281306915645,,,,,,,,,,,,,,0.3400748488202498,0.0004870166662408015,,,,0.9996092444989091,,,,,,,,,,,,0.6665805206523178,,,,,0.00011849192492609207,,,,,,,0.9999109192929068,,,,,,,,,,,,,,,,,,-0.0024886327276056617,,,,,,,,,,,,,-0.0002651533143130704,0.5969304924273113,,,,1.0,,,0.9966115561711467,0.7428904528174245,,-0.0036238417254927644,,,,,,,0.7428904441044946,,,,,,,,,,,,,,,,,,0.9884594089383828,,0.5443254630951443,,,,,,,,,,,,,,,,,,,0.9999210152521898,,,,0.9999272833777352,,,,,,,,0.9988783147931243,,0.00048702075704942435,0.007510507966021453,,,,,,,,,,,0.0014992589616293136,,-0.015617061607268713,,,0.9993681525229992,,,-0.002488632727605662,,,,,0.9999849621819965,,,,,,,0.10622989834831295,,,,,,,,0.0021207162541827342,0.9999655750463589,,,,-0.004304290594414069,,,,,,,,,,,0.5969287303794197,,,0.00048702075704942435,,,,,,,,,,0.00011849192492609204,,,,0.10623487843742699,0.007705739910496844,0.9992703196986036,,,,,,
AORIENT_P,,,,,,,,,,,,,,,,,,,,,,,,,,,,,,,,,,,,,,,,,,,,,,,,,,,,,,,,,,,,,,,,,,,,,,,,,,,,,,,,,,,,,,,,,,,,,,,,,,,,,,,,,,,,,,,,,,,,,,,,,,,,,,,,,,,,,,,,,,,,,,,,,,,,,,,,,,,,,,,,,,,,,,,,,,,,,,,,,,,,,,,,,,,,,,,,,,,,,,,,,,,,,,,,,,,,,,,,,,,,,,,,,,,,,,,,,,,,,,,,,,,
SSFRQ,,,,,,,,,,,,,,,,,,,,,,,,,,,,,,,,,,,,,,,,,,,,,,,,,,,,,,,,,,,,,,,,,,,,,,,,,,,,,,,,,,,,,,,,,,,,,,,,,,,,,,,,,,,,,,,,,,,,,,,,,,,,,,,,,,,,,,,,,,,,,,,,,,,,,,,,,,,,,,,,,,,,,,,,,,,,,,,,,,,,,,,,,,,,,,,,,,,,,,,,,,,,,,,,,,,,,,,,,,,,,,,,,,,,,,,,,,,,,,,,,,,
GS_CHKP,,,,,,,,,,,,,,,,,0.9888570095794701,,,,,,,,,,,,,,-0.6077408688774897,0.0072003789383314944,,,,0.9962272098419918,,,,,,,,,,,,0.6648717501867654,,,,,0.005338619529724256,,,,,,,0.9972992334841554,,,,,,,,,,,,,,,,,,-0.06664341976091455,,,,,,,,,,,,,-0.0020454497323075887,0.5949368396436754,,,,0.9966115561711467,,,1.0,0.7404459001159441,,-0.00042745715965394974,,,,,,,0.7404463087107199,,,,,,,,,,,,,,,,,,0.9966927385828525,,0.5106222737809553,,,,,,,,,,,,,,,,,,,0.9958194035178108,,,,0.9962038054246745,,,,,,,,0.9945528571573148,,0.00720033456697799,0.036495312777139126,,,,,,,,,,,-0.005156006272928201,,0.04072485844455596,,,0.9984829084404736,,,-0.06664341976091455,,,,,0.9966791068665791,,,,,,,0.09835032321574154,,,,,,,,0.004487453194726795,0.9962975098721154,,,,-0.01897904790490917,,,,,,,,,,,0.5949835857626825,,,0.00720033456697799,,,,,,,,,,0.005338619529724256,,,,0.09834489255070754,0.043545391149355774,0.9948929374573092,,,,,,
GS_MDOA,,,,,,,,,,,,,,,,,0.7422319810721363,,,,,,,,,,,,,,,0.0007717673166089334,,,,0.742811087482422,,,,,,,,,,,,0.49508015809888073,,,,,0.0005883313981104014,,,,,,,0.7427266911224626,,,,,,,,,,,,,,,,,,-0.007739588932237396,,,,,,,,,,,,,-0.00038791258011922216,0.44337218878263757,,,,0.7428904528174245,,,0.7404459001159441,1.0,,,,,,,,,0.9999999726365086,,,,,,,,,,,,,,,,,,0.7343238732915515,,0.40184890986832494,,,,,,,,,,,,,,,,,,,0.74268396880165,,,,0.7428561307348918,,,,,,,,0.7420455029225627,,0.0007717673231285669,0.013840532144807323,,,,,,,,,,,0.001622986709331714,,-0.024736531992459232,,,0.7422804513164638,,,-0.007739588932237402,,,,,0.7429314465805945,,,,,,,0.6734233468429632,,,,,,,,0.002973934668220991,0.742854437699568,,,,-0.0032837908962127117,,,,,,,,,,,0.4433937368586772,,,0.0007717673231285669,,,,,,,,,,0.0005883313981104014,,,,0.6734204294138975,0.014503783630560697,0.742547288275427,,,,,,
CRS5,,,,,,,,,,,,,,,,,,,,,,,,,,,,,,,,,,,,,,,,,,,,,,,,,,,,,,,,,,,,,,,,,,,,,,,,,,,,,,,,,,,,,,,,,,,,,,,,,,,,,,,,,,,,,,,,,,,,,,,,,,,,,,,,,,,,,,,,,,,,,,,,,,,,,,,,,,,,,,,,,,,,,,,,,,,,,,,,,,,,,,,,,,,,,,,,,,,,,,,,,,,,,,,,,,,,,,,,,,,,,,,,,,,,,,,,,,,,,,,,,,,
GS_TV14,,,,,,,,,,,,,,,,,0.023253222208740897,,,,,,,,,,,,,,0.028526590329942664,0.0005893110979815182,,,,0.0027406536362287854,,,,,,,,,,,,-0.00017655029979589837,,,,,0.00044080472296214527,,,,,,,-0.0020940457842788503,,,,,,,,,,,,,,,,,,-0.005408426636138586,,,,,,,,,,,,,-0.00026755896451095194,-0.00016438037316443018,,,,-0.0036238417254927644,,,-0.00042745715965394974,,,1.0,,,,,,,-0.033379519697495,,,,,,,,,,,,,,,,,,0.0003912831467647068,,-0.0031793179466886386,,,,,,,,,,,,,,,,,,,-0.018946996277361787,,,,0.0006032801085325603,,,,,,,,-0.0037623669414636623,,0.0005893115110049329,0.008906377319546969,,,,,,,,,,,0.0017136769228283338,,-0.015306895224077303,,,-0.0052511265236120114,,,-0.0054084266361386,,,,,0.006170398639808822,,,,,,,0.020989479574649514,,,,,,,,0.0016898226014699796,0.0041380749285041245,,,,0.0016554205468705377,,,,,,,,,,,-0.0001247484715472201,,,0.0005893115110049329,,,,,,,,,,0.0004408047229621451,,,,0.021036295722310555,-0.07991438266052017,0.004725311531741756,,,,,,
DRPM,,,,,,,,,,,,,,,,,,,,,,,,,,,,,,,,,,,,,,,,,,,,,,,,,,,,,,,,,,,,,,,,,,,,,,,,,,,,,,,,,,,,,,,,,,,,,,,,,,,,,,,,,,,,,,,,,,,,,,,,,,,,,,,,,,,,,,,,,,,,,,,,,,,,,,,,,,,,,,,,,,,,,,,,,,,,,,,,,,,,,,,,,,,,,,,,,,,,,,,,,,,,,,,,,,,,,,,,,,,,,,,,,,,,,,,,,,,,,,,,,,,
SHKRSK_RT,,,,,,,,,,,,,,,,,,,,,,,,,,,,,,,,,,,,,,,,,,,,,,,,,,,,,,,,,,,,,,,,,,,,,,,,,,,,,,,,,,,,,,,,,,,,,,,,,,,,,,,,,,,,,,,,,,,,,,,,,,,,,,,,,,,,,,,,,,,,,,,,,,,,,,,,,,,,,,,,,,,,,,,,,,,,,,,,,,,,,,,,,,,,,,,,,,,,,,,,,,,,,,,,,,,,,,,,,,,,,,,,,,,,,,,,,,,,,,,,,,,
HZ_RT,,,,,,,,,,,,,,,,,,,,,,,,,,,,,,,,,,,,,,,,,,,,,,,,,,,,,,,,,,,,,,,,,,,,,,,,,,,,,,,,,,,,,,,,,,,,,,,,,,,,,,,,,,,,,,,,,,,,,,,,,,,,,,,,,,,,,,,,,,,,,,,,,,,,,,,,,,,,,,,,,,,,,,,,,,,,,,,,,,,,,,,,,,,,,,,,,,,,,,,,,,,,,,,,,,,,,,,,,,,,,,,,,,,,,,,,,,,,,,,,,,,
GS_ACTC,,,,,,,,,,,,,,,,,,,,,,,,,,,,,,,,,,,,,,,,,,,,,,,,,,,,,,,,,,,,,,,,,,,,,,,,,,,,,,,,,,,,,,,,,,,,,,,,,,,,,,,,,,,,,,,,,,,,,,,,,,,,,,,,,,,,,,,,,,,,,,,,,,,,,,,,,,,,,,,,,,,,,,,,,,,,,,,,,,,,,,,,,,,,,,,,,,,,,,,,,,,,,,,,,,,,,,,,,,,,,,,,,,,,,,,,,,,,,,,,,,,
HKLD,,,,,,,,,,,,,,,,,,,,,,,,,,,,,,,,,,,,,,,,,,,,,,,,,,,,,,,,,,,,,,,,,,,,,,,,,,,,,,,,,,,,,,,,,,,,,,,,,,,,,,,,,,,,,,,,,,,,,,,,,,,,,,,,,,,,,,,,,,,,,,,,,,,,,,,,,,,,,,,,,,,,,,,,,,,,,,,,,,,,,,,,,,,,,,,,,,,,,,,,,,,,,,,,,,,,,,,,,,,,,,,,,,,,,,,,,,,,,,,,,,,
THKD,,,,,,,,,,,,,,,,,,,,,,,,,,,,,,,,,,,,,,,,,,,,,,,,,,,,,,,,,,,,,,,,,,,,,,,,,,,,,,,,,,,,,,,,,,,,,,,,,,,,,,,,,,,,,,,,,,,,,,,,,,,,,,,,,,,,,,,,,,,,,,,,,,,,,,,,,,,,,,,,,,,,,,,,,,,,,,,,,,,,,,,,,,,,,,,,,,,,,,,,,,,,,,,,,,,,,,,,,,,,,,,,,,,,,,,,,,,,,,,,,,,
GS_MWTI,,,,,,,,,,,,,,,,,0.7422292119413505,,,,,,,,,,,,,,-0.007431973351551742,0.0007699531703738383,,,,0.7428108064666418,,,,,,,,,,,,0.4950811529412491,,,,,0.0005933875427214647,,,,,,,0.7427267671638973,,,,,,,,,,,,,,,,,,-0.007733967784354342,,,,,,,,,,,,,-0.00038606584696106595,0.443373028019903,,,,0.7428904441044946,,,0.7404463087107199,0.9999999726365086,,-0.033379519697495,,,,,,,1.0,,,,,,,,,,,,,,,,,,0.7343243039825811,,0.40185168898714546,,,,,,,,,,,,,,,,,,,0.7426842727354467,,,,0.7428560299162212,,,,,,,,0.7420456949482432,,0.0007699531003527828,0.013822141537030257,,,,,,,,,,,0.0016178665594163292,,-0.02471512245477947,,,0.7422809158369614,,,-0.0077339677843543415,,,,,0.7429313805221869,,,,,,,0.6734197001277377,,,,,,,,0.0030363479623197083,0.7428543291932622,,,,-0.003286858128026779,,,,,,,,,,,0.4433945196412556,,,0.0007699531003527828,,,,,,,,,,0.0005933875427214639,,,,0.6734167637590461,0.014536874713084765,0.7425467561125589,,,,,,
ROBB_DH_ECO_RT,,,,,,,,,,,,,,,,,,,,,,,,,,,,,,,,,,,,,,,,,,,,,,,,,,,,,,,,,,,,,,,,,,,,,,,,,,,,,,,,,,,,,,,,,,,,,,,,,,,,,,,,,,,,,,,,,,,,,,,,,,,,,,,,,,,,,,,,,,,,,,,,,,,,,,,,,,,,,,,,,,,,,,,,,,,,,,,,,,,,,,,,,,,,,,,,,,,,,,,,,,,,,,,,,,,,,,,,,,,,,,,,,,,,,,,,,,,,,,,,,,,
GTEMP,,,,,,,,,,,,,,,,,,,,,,,,,,,,,,,,,,,,,,,,,,,,,,,,,,,,,,,,,,,,,,,,,,,,,,,,,,,,,,,,,,,,,,,,,,,,,,,,,,,,,,,,,,,,,,,,,,,,,,,,,,,,,,,,,,,,,,,,,,,,,,,,,,,,,,,,,,,,,,,,,,,,,,,,,,,,,,,,,,,,,,,,,,,,,,,,,,,,,,,,,,,,,,,,,,,,,,,,,,,,,,,,,,,,,,,,,,,,,,,,,,,
TCHR,,,,,,,,,,,,,,,,,,,,,,,,,,,,,,,,,,,,,,,,,,,,,,,,,,,,,,,,,,,,,,,,,,,,,,,,,,,,,,,,,,,,,,,,,,,,,,,,,,,,,,,,,,,,,,,,,,,,,,,,,,,,,,,,,,,,,,,,,,,,,,,,,,,,,,,,,,,,,,,,,,,,,,,,,,,,,,,,,,,,,,,,,,,,,,,,,,,,,,,,,,,,,,,,,,,,,,,,,,,,,,,,,,,,,,,,,,,,,,,,,,,
SWOB,,,,,,,,,,,,,,,,,,,,,,,,,,,,,,,,,,,,,,,,,,,,,,,,,,,,,,,,,,,,,,,,,,,,,,,,,,,,,,,,,,,,,,,,,,,,,,,,,,,,,,,,,,,,,,,,,,,,,,,,,,,,,,,,,,,,,,,,,,,,,,,,,,,,,,,,,,,,,,,,,,,,,,,,,,,,,,,,,,,,,,,,,,,,,,,,,,,,,,,,,,,,,,,,,,,,,,,,,,,,,,,,,,,,,,,,,,,,,,,,,,,
GS_G_C1,,,,,,,,,,,,,,,,,,,,,,,,,,,,,,,,,,,,,,,,,,,,,,,,,,,,,,,,,,,,,,,,,,,,,,,,,,,,,,,,,,,,,,,,,,,,,,,,,,,,,,,,,,,,,,,,,,,,,,,,,,,,,,,,,,,,,,,,,,,,,,,,,,,,,,,,,,,,,,,,,,,,,,,,,,,,,,,,,,,,,,,,,,,,,,,,,,,,,,,,,,,,,,,,,,,,,,,,,,,,,,,,,,,,,,,,,,,,,,,,,,,
STK1,,,,,,,,,,,,,,,,,,,,,,,,,,,,,,,,,,,,,,,,,,,,,,,,,,,,,,,,,,,,,,,,,,,,,,,,,,,,,,,,,,,,,,,,,,,,,,,,,,,,,,,,,,,,,,,,,,,,,,,,,,,,,,,,,,,,,,,,,,,,,,,,,,,,,,,,,,,,,,,,,,,,,,,,,,,,,,,,,,,,,,,,,,,,,,,,,,,,,,,,,,,,,,,,,,,,,,,,,,,,,,,,,,,,,,,,,,,,,,,,,,,
HKLI,,,,,,,,,,,,,,,,,,,,,,,,,,,,,,,,,,,,,,,,,,,,,,,,,,,,,,,,,,,,,,,,,,,,,,,,,,,,,,,,,,,,,,,,,,,,,,,,,,,,,,,,,,,,,,,,,,,,,,,,,,,,,,,,,,,,,,,,,,,,,,,,,,,,,,,,,,,,,,,,,,,,,,,,,,,,,,,,,,,,,,,,,,,,,,,,,,,,,,,,,,,,,,,,,,,,,,,,,,,,,,,,,,,,,,,,,,,,,,,,,,,
ECD_CT_FPWD,,,,,,,,,,,,,,,,,,,,,,,,,,,,,,,,,,,,,,,,,,,,,,,,,,,,,,,,,,,,,,,,,,,,,,,,,,,,,,,,,,,,,,,,,,,,,,,,,,,,,,,,,,,,,,,,,,,,,,,,,,,,,,,,,,,,,,,,,,,,,,,,,,,,,,,,,,,,,,,,,,,,,,,,,,,,,,,,,,,,,,,,,,,,,,,,,,,,,,,,,,,,,,,,,,,,,,,,,,,,,,,,,,,,,,,,,,,,,,,,,,,
UTSTAT,,,,,,,,,,,,,,,,,,,,,,,,,,,,,,,,,,,,,,,,,,,,,,,,,,,,,,,,,,,,,,,,,,,,,,,,,,,,,,,,,,,,,,,,,,,,,,,,,,,,,,,,,,,,,,,,,,,,,,,,,,,,,,,,,,,,,,,,,,,,,,,,,,,,,,,,,,,,,,,,,,,,,,,,,,,,,,,,,,,,,,,,,,,,,,,,,,,,,,,,,,,,,,,,,,,,,,,,,,,,,,,,,,,,,,,,,,,,,,,,,,,
SRV_HZ,,,,,,,,,,,,,,,,,,,,,,,,,,,,,,,,,,,,,,,,,,,,,,,,,,,,,,,,,,,,,,,,,,,,,,,,,,,,,,,,,,,,,,,,,,,,,,,,,,,,,,,,,,,,,,,,,,,,,,,,,,,,,,,,,,,,,,,,,,,,,,,,,,,,,,,,,,,,,,,,,,,,,,,,,,,,,,,,,,,,,,,,,,,,,,,,,,,,,,,,,,,,,,,,,,,,,,,,,,,,,,,,,,,,,,,,,,,,,,,,,,,
SRVEW,,,,,,,,,,,,,,,,,,,,,,,,,,,,,,,,,,,,,,,,,,,,,,,,,,,,,,,,,,,,,,,,,,,,,,,,,,,,,,,,,,,,,,,,,,,,,,,,,,,,,,,,,,,,,,,,,,,,,,,,,,,,,,,,,,,,,,,,,,,,,,,,,,,,,,,,,,,,,,,,,,,,,,,,,,,,,,,,,,,,,,,,,,,,,,,,,,,,,,,,,,,,,,,,,,,,,,,,,,,,,,,,,,,,,,,,,,,,,,,,,,,
TVDE,,,,,,,,,,,,,,,,,,,,,,,,,,,,,,,,,,,,,,,,,,,,,,,,,,,,,,,,,,,,,,,,,,,,,,,,,,,,,,,,,,,,,,,,,,,,,,,,,,,,,,,,,,,,,,,,,,,,,,,,,,,,,,,,,,,,,,,,,,,,,,,,,,,,,,,,,,,,,,,,,,,,,,,,,,,,,,,,,,,,,,,,,,,,,,,,,,,,,,,,,,,,,,,,,,,,,,,,,,,,,,,,,,,,,,,,,,,,,,,,,,,
RHX_RT,,,,,,,,,,,,,,,,,,,,,,,,,,,,,,,,,,,,,,,,,,,,,,,,,,,,,,,,,,,,,,,,,,,,,,,,,,,,,,,,,,,,,,,,,,,,,,,,,,,,,,,,,,,,,,,,,,,,,,,,,,,,,,,,,,,,,,,,,,,,,,,,,,,,,,,,,,,,,,,,,,,,,,,,,,,,,,,,,,,,,,,,,,,,,,,,,,,,,,,,,,,,,,,,,,,,,,,,,,,,,,,,,,,,,,,,,,,,,,,,,,,
B_STATE_P,,,,,,,,,,,,,,,,,,,,,,,,,,,,,,,,,,,,,,,,,,,,,,,,,,,,,,,,,,,,,,,,,,,,,,,,,,,,,,,,,,,,,,,,,,,,,,,,,,,,,,,,,,,,,,,,,,,,,,,,,,,,,,,,,,,,,,,,,,,,,,,,,,,,,,,,,,,,,,,,,,,,,,,,,,,,,,,,,,,,,,,,,,,,,,,,,,,,,,,,,,,,,,,,,,,,,,,,,,,,,,,,,,,,,,,,,,,,,,,,,,,
ANGLX,,,,,,,,,,,,,,,,,,,,,,,,,,,,,,,,,,,,,,,,,,,,,,,,,,,,,,,,,,,,,,,,,,,,,,,,,,,,,,,,,,,,,,,,,,,,,,,,,,,,,,,,,,,,,,,,,,,,,,,,,,,,,,,,,,,,,,,,,,,,,,,,,,,,,,,,,,,,,,,,,,,,,,,,,,,,,,,,,,,,,,,,,,,,,,,,,,,,,,,,,,,,,,,,,,,,,,,,,,,,,,,,,,,,,,,,,,,,,,,,,,,
LOT_TIME,,,,,,,,,,,,,,,,,,,,,,,,,,,,,,,,,,,,,,,,,,,,,,,,,,,,,,,,,,,,,,,,,,,,,,,,,,,,,,,,,,,,,,,,,,,,,,,,,,,,,,,,,,,,,,,,,,,,,,,,,,,,,,,,,,,,,,,,,,,,,,,,,,,,,,,,,,,,,,,,,,,,,,,,,,,,,,,,,,,,,,,,,,,,,,,,,,,,,,,,,,,,,,,,,,,,,,,,,,,,,,,,,,,,,,,,,,,,,,,,,,,
STWT,,,,,,,,,,,,,,,,,,,,,,,,,,,,,,,,,,,,,,,,,,,,,,,,,,,,,,,,,,,,,,,,,,,,,,,,,,,,,,,,,,,,,,,,,,,,,,,,,,,,,,,,,,,,,,,,,,,,,,,,,,,,,,,,,,,,,,,,,,,,,,,,,,,,,,,,,,,,,,,,,,,,,,,,,,,,,,,,,,,,,,,,,,,,,,,,,,,,,,,,,,,,,,,,,,,,,,,,,,,,,,,,,,,,,,,,,,,,,,,,,,,
GS_MTOA,,,,,,,,,,,,,,,,,0.976156136549026,,,,,,,,,,,,,,-0.6893456161461694,0.012885107170074574,,,,0.9882468337961203,,,,,,,,,,,,0.6601663867197811,,,,,0.010109650658347296,,,,,,,0.9899520286364744,,,,,,,,,,,,,,,,,,-0.12375141723149004,,,,,,,,,,,,,-0.0027279528733366335,0.5903137243327629,,,,0.9884594089383828,,,0.9966927385828525,0.7343238732915515,,0.0003912831467647068,,,,,,,0.7343243039825811,,,,,,,,,,,,,,,,,,1.0,,0.4782114801462529,,,,,,,,,,,,,,,,,,,0.9871471647962591,,,,0.9877673139070875,,,,,,,,0.9854430197779457,,0.012885110432444865,0.058218125095506335,,,,,,,,,,,-0.007388495310033587,,0.10284635316718209,,,0.9928683893422269,,,-0.12375141723149002,,,,,0.9885770478233605,,,,,,,0.09028649442992613,,,,,,,,0.001886377702132004,0.9878537597869704,,,,-0.032411581837361085,,,,,,,,,,,0.5904098757135852,,,0.012885110432444865,,,,,,,,,,0.010109650658347296,,,,0.0902773526282787,0.06664368286450113,0.9859536898102407,,,,,,
TFDES,,,,,,,,,,,,,,,,,,,,,,,,,,,,,,,,,,,,,,,,,,,,,,,,,,,,,,,,,,,,,,,,,,,,,,,,,,,,,,,,,,,,,,,,,,,,,,,,,,,,,,,,,,,,,,,,,,,,,,,,,,,,,,,,,,,,,,,,,,,,,,,,,,,,,,,,,,,,,,,,,,,,,,,,,,,,,,,,,,,,,,,,,,,,,,,,,,,,,,,,,,,,,,,,,,,,,,,,,,,,,,,,,,,,,,,,,,,,,,,,,,,
GS_TV04,,,,,,,,,,,,,,,,,0.5654909317834746,,,,,,,,,,,,,,0.3168898174278335,-0.039461515549486126,,,,0.5437851337136043,,,,,,,,,,,,0.35736592983682264,,,,,-0.02440156287389774,,,,,,,0.5404157638653133,,,,,,,,,,,,,,,,,,0.3278064868187597,,,,,,,,,,,,,0.006949042306228402,0.9112563864083634,,,,0.5443254630951443,,,0.5106222737809553,0.40184890986832494,,-0.0031793179466886386,,,,,,,0.40185168898714546,,,,,,,,,,,,,,,,,,0.4782114801462529,,1.0,,,,,,,,,,,,,,,,,,,0.5481989077489472,,,,0.5460247359583236,,,,,,,,0.54951371624353,,-0.039461515882844245,-0.15388246753138943,,,,,,,,,,,0.02080505442982538,,-0.289290927375451,,,0.5312795374663679,,,0.3278064868187597,,,,,0.543977385925688,,,,,,,0.09299249131800934,,,,,,,,0.019888850513712683,0.5458320269524759,,,,0.07270021968502152,,,,,,,,,,,0.9109783833087691,,,-0.039461515882844245,,,,,,,,,,-0.02440156287389774,,,,0.09291581676942087,-0.15350281916105138,0.5486944896449892,,,,,,
BONB,,,,,,,,,,,,,,,,,,,,,,,,,,,,,,,,,,,,,,,,,,,,,,,,,,,,,,,,,,,,,,,,,,,,,,,,,,,,,,,,,,,,,,,,,,,,,,,,,,,,,,,,,,,,,,,,,,,,,,,,,,,,,,,,,,,,,,,,,,,,,,,,,,,,,,,,,,,,,,,,,,,,,,,,,,,,,,,,,,,,,,,,,,,,,,,,,,,,,,,,,,,,,,,,,,,,,,,,,,,,,,,,,,,,,,,,,,,,,,,,,,,
DCHR,,,,,,,,,,,,,,,,,,,,,,,,,,,,,,,,,,,,,,,,,,,,,,,,,,,,,,,,,,,,,,,,,,,,,,,,,,,,,,,,,,,,,,,,,,,,,,,,,,,,,,,,,,,,,,,,,,,,,,,,,,,,,,,,,,,,,,,,,,,,,,,,,,,,,,,,,,,,,,,,,,,,,,,,,,,,,,,,,,,,,,,,,,,,,,,,,,,,,,,,,,,,,,,,,,,,,,,,,,,,,,,,,,,,,,,,,,,,,,,,,,,
A40H_COND_UNC_ECO_RT,,,,,,,,,,,,,,,,,,,,,,,,,,,,,,,,,,,,,,,,,,,,,,,,,,,,,,,,,,,,,,,,,,,,,,,,,,,,,,,,,,,,,,,,,,,,,,,,,,,,,,,,,,,,,,,,,,,,,,,,,,,,,,,,,,,,,,,,,,,,,,,,,,,,,,,,,,,,,,,,,,,,,,,,,,,,,,,,,,,,,,,,,,,,,,,,,,,,,,,,,,,,,,,,,,,,,,,,,,,,,,,,,,,,,,,,,,,,,,,,,,,
GS_G_C2,,,,,,,,,,,,,,,,,,,,,,,,,,,,,,,,,,,,,,,,,,,,,,,,,,,,,,,,,,,,,,,,,,,,,,,,,,,,,,,,,,,,,,,,,,,,,,,,,,,,,,,,,,,,,,,,,,,,,,,,,,,,,,,,,,,,,,,,,,,,,,,,,,,,,,,,,,,,,,,,,,,,,,,,,,,,,,,,,,,,,,,,,,,,,,,,,,,,,,,,,,,,,,,,,,,,,,,,,,,,,,,,,,,,,,,,,,,,,,,,,,,
TEFNEG,,,,,,,,,,,,,,,,,,,,,,,,,,,,,,,,,,,,,,,,,,,,,,,,,,,,,,,,,,,,,,,,,,,,,,,,,,,,,,,,,,,,,,,,,,,,,,,,,,,,,,,,,,,,,,,,,,,,,,,,,,,,,,,,,,,,,,,,,,,,,,,,,,,,,,,,,,,,,,,,,,,,,,,,,,,,,,,,,,,,,,,,,,,,,,,,,,,,,,,,,,,,,,,,,,,,,,,,,,,,,,,,,,,,,,,,,,,,,,,,,,,
HKLN,,,,,,,,,,,,,,,,,,,,,,,,,,,,,,,,,,,,,,,,,,,,,,,,,,,,,,,,,,,,,,,,,,,,,,,,,,,,,,,,,,,,,,,,,,,,,,,,,,,,,,,,,,,,,,,,,,,,,,,,,,,,,,,,,,,,,,,,,,,,,,,,,,,,,,,,,,,,,,,,,,,,,,,,,,,,,,,,,,,,,,,,,,,,,,,,,,,,,,,,,,,,,,,,,,,,,,,,,,,,,,,,,,,,,,,,,,,,,,,,,,,
BITRUN,,,,,,,,,,,,,,,,,,,,,,,,,,,,,,,,,,,,,,,,,,,,,,,,,,,,,,,,,,,,,,,,,,,,,,,,,,,,,,,,,,,,,,,,,,,,,,,,,,,,,,,,,,,,,,,,,,,,,,,,,,,,,,,,,,,,,,,,,,,,,,,,,,,,,,,,,,,,,,,,,,,,,,,,,,,,,,,,,,,,,,,,,,,,,,,,,,,,,,,,,,,,,,,,,,,,,,,,,,,,,,,,,,,,,,,,,,,,,,,,,,,
HKLO,,,,,,,,,,,,,,,,,,,,,,,,,,,,,,,,,,,,,,,,,,,,,,,,,,,,,,,,,,,,,,,,,,,,,,,,,,,,,,,,,,,,,,,,,,,,,,,,,,,,,,,,,,,,,,,,,,,,,,,,,,,,,,,,,,,,,,,,,,,,,,,,,,,,,,,,,,,,,,,,,,,,,,,,,,,,,,,,,,,,,,,,,,,,,,,,,,,,,,,,,,,,,,,,,,,,,,,,,,,,,,,,,,,,,,,,,,,,,,,,,,,
TOTAL_CORR,,,,,,,,,,,,,,,,,,,,,,,,,,,,,,,,,,,,,,,,,,,,,,,,,,,,,,,,,,,,,,,,,,,,,,,,,,,,,,,,,,,,,,,,,,,,,,,,,,,,,,,,,,,,,,,,,,,,,,,,,,,,,,,,,,,,,,,,,,,,,,,,,,,,,,,,,,,,,,,,,,,,,,,,,,,,,,,,,,,,,,,,,,,,,,,,,,,,,,,,,,,,,,,,,,,,,,,,,,,,,,,,,,,,,,,,,,,,,,,,,,,
PMPT,,,,,,,,,,,,,,,,,,,,,,,,,,,,,,,,,,,,,,,,,,,,,,,,,,,,,,,,,,,,,,,,,,,,,,,,,,,,,,,,,,,,,,,,,,,,,,,,,,,,,,,,,,,,,,,,,,,,,,,,,,,,,,,,,,,,,,,,,,,,,,,,,,,,,,,,,,,,,,,,,,,,,,,,,,,,,,,,,,,,,,,,,,,,,,,,,,,,,,,,,,,,,,,,,,,,,,,,,,,,,,,,,,,,,,,,,,,,,,,,,,,
TSPM,,,,,,,,,,,,,,,,,,,,,,,,,,,,,,,,,,,,,,,,,,,,,,,,,,,,,,,,,,,,,,,,,,,,,,,,,,,,,,,,,,,,,,,,,,,,,,,,,,,,,,,,,,,,,,,,,,,,,,,,,,,,,,,,,,,,,,,,,,,,,,,,,,,,,,,,,,,,,,,,,,,,,,,,,,,,,,,,,,,,,,,,,,,,,,,,,,,,,,,,,,,,,,,,,,,,,,,,,,,,,,,,,,,,,,,,,,,,,,,,,,,
STK2,,,,,,,,,,,,,,,,,,,,,,,,,,,,,,,,,,,,,,,,,,,,,,,,,,,,,,,,,,,,,,,,,,,,,,,,,,,,,,,,,,,,,,,,,,,,,,,,,,,,,,,,,,,,,,,,,,,,,,,,,,,,,,,,,,,,,,,,,,,,,,,,,,,,,,,,,,,,,,,,,,,,,,,,,,,,,,,,,,,,,,,,,,,,,,,,,,,,,,,,,,,,,,,,,,,,,,,,,,,,,,,,,,,,,,,,,,,,,,,,,,,
STK4,,,,,,,,,,,,,,,,,,,,,,,,,,,,,,,,,,,,,,,,,,,,,,,,,,,,,,,,,,,,,,,,,,,,,,,,,,,,,,,,,,,,,,,,,,,,,,,,,,,,,,,,,,,,,,,,,,,,,,,,,,,,,,,,,,,,,,,,,,,,,,,,,,,,,,,,,,,,,,,,,,,,,,,,,,,,,,,,,,,,,,,,,,,,,,,,,,,,,,,,,,,,,,,,,,,,,,,,,,,,,,,,,,,,,,,,,,,,,,,,,,,
DHAP_DH_ECO_RT,,,,,,,,,,,,,,,,,,,,,,,,,,,,,,,,,,,,,,,,,,,,,,,,,,,,,,,,,,,,,,,,,,,,,,,,,,,,,,,,,,,,,,,,,,,,,,,,,,,,,,,,,,,,,,,,,,,,,,,,,,,,,,,,,,,,,,,,,,,,,,,,,,,,,,,,,,,,,,,,,,,,,,,,,,,,,,,,,,,,,,,,,,,,,,,,,,,,,,,,,,,,,,,,,,,,,,,,,,,,,,,,,,,,,,,,,,,,,,,,,,,
PESD_TM_RT,,,,,,,,,,,,,,,,,,,,,,,,,,,,,,,,,,,,,,,,,,,,,,,,,,,,,,,,,,,,,,,,,,,,,,,,,,,,,,,,,,,,,,,,,,,,,,,,,,,,,,,,,,,,,,,,,,,,,,,,,,,,,,,,,,,,,,,,,,,,,,,,,,,,,,,,,,,,,,,,,,,,,,,,,,,,,,,,,,,,,,,,,,,,,,,,,,,,,,,,,,,,,,,,,,,,,,,,,,,,,,,,,,,,,,,,,,,,,,,,,,,
SSAMP,,,,,,,,,,,,,,,,,,,,,,,,,,,,,,,,,,,,,,,,,,,,,,,,,,,,,,,,,,,,,,,,,,,,,,,,,,,,,,,,,,,,,,,,,,,,,,,,,,,,,,,,,,,,,,,,,,,,,,,,,,,,,,,,,,,,,,,,,,,,,,,,,,,,,,,,,,,,,,,,,,,,,,,,,,,,,,,,,,,,,,,,,,,,,,,,,,,,,,,,,,,,,,,,,,,,,,,,,,,,,,,,,,,,,,,,,,,,,,,,,,,
ACTC,,,,,,,,,,,,,,,,,,,,,,,,,,,,,,,,,,,,,,,,,,,,,,,,,,,,,,,,,,,,,,,,,,,,,,,,,,,,,,,,,,,,,,,,,,,,,,,,,,,,,,,,,,,,,,,,,,,,,,,,,,,,,,,,,,,,,,,,,,,,,,,,,,,,,,,,,,,,,,,,,,,,,,,,,,,,,,,,,,,,,,,,,,,,,,,,,,,,,,,,,,,,,,,,,,,,,,,,,,,,,,,,,,,,,,,,,,,,,,,,,,,
HYDR_RET_P,,,,,,,,,,,,,,,,,,,,,,,,,,,,,,,,,,,,,,,,,,,,,,,,,,,,,,,,,,,,,,,,,,,,,,,,,,,,,,,,,,,,,,,,,,,,,,,,,,,,,,,,,,,,,,,,,,,,,,,,,,,,,,,,,,,,,,,,,,,,,,,,,,,,,,,,,,,,,,,,,,,,,,,,,,,,,,,,,,,,,,,,,,,,,,,,,,,,,,,,,,,,,,,,,,,,,,,,,,,,,,,,,,,,,,,,,,,,,,,,,,,
GS_TV09,,,,,,,,,,,,,,,,,0.9972273144173158,,,,,,,,,,,,,,0.5476089961269522,-0.000586081152932601,,,,0.9994809466909662,,,,,,,,,,,,0.6662709136946626,,,,,-0.00041170180791067314,,,,,,,0.9997955877156038,,,,,,,,,,,,,,,,,,0.005263351898114791,,,,,,,,,,,,,7.336267023547754e-05,0.596754213665045,,,,0.9999210152521898,,,0.9958194035178108,0.74268396880165,,-0.018946996277361787,,,,,,,0.7426842727354467,,,,,,,,,,,,,,,,,,0.9871471647962591,,0.5481989077489472,,,,,,,,,,,,,,,,,,,1.0,,,,0.99986762854729,,,,,,,,0.9989658229065708,,-0.0005860777743169594,0.00046641356185160094,,,,,,,,,,,0.00020816354539660774,,-0.018165077484790182,,,0.99910663363815,,,0.005263351898114777,,,,,0.9998978343460643,,,,,,,0.1071174710262678,,,,,,,,0.003846586985848053,0.9999280076221693,,,,-0.0023458272202903337,,,,,,,,,,,0.5967399457127813,,,-0.0005860777743169594,,,,,,,,,,-0.0004117018079106734,,,,0.10712031911333436,0.004248018045471328,0.9991839000019507,,,,,,
RETI,,,,,,,,,,,,,,,,,,,,,,,,,,,,,,,,,,,,,,,,,,,,,,,,,,,,,,,,,,,,,,,,,,,,,,,,,,,,,,,,,,,,,,,,,,,,,,,,,,,,,,,,,,,,,,,,,,,,,,,,,,,,,,,,,,,,,,,,,,,,,,,,,,,,,,,,,,,,,,,,,,,,,,,,,,,,,,,,,,,,,,,,,,,,,,,,,,,,,,,,,,,,,,,,,,,,,,,,,,,,,,,,,,,,,,,,,,,,,,,,,,,
GS_DCHM,,,,,,,,,,,,,,,,,,,,,,,,,,,,,,,,,,,,,,,,,,,,,,,,,,,,,,,,,,,,,,,,,,,,,,,,,,,,,,,,,,,,,,,,,,,,,,,,,,,,,,,,,,,,,,,,,,,,,,,,,,,,,,,,,,,,,,,,,,,,,,,,,,,,,,,,,,,,,,,,,,,,,,,,,,,,,,,,,,,,,,,,,,,,,,,,,,,,,,,,,,,,,,,,,,,,,,,,,,,,,,,,,,,,,,,,,,,,,,,,,,,
TFLO30s,,,,,,,,,,,,,,,,,,,,,,,,,,,,,,,,,,,,,,,,,,,,,,,,,,,,,,,,,,,,,,,,,,,,,,,,,,,,,,,,,,,,,,,,,,,,,,,,,,,,,,,,,,,,,,,,,,,,,,,,,,,,,,,,,,,,,,,,,,,,,,,,,,,,,,,,,,,,,,,,,,,,,,,,,,,,,,,,,,,,,,,,,,,,,,,,,,,,,,,,,,,,,,,,,,,,,,,,,,,,,,,,,,,,,,,,,,,,,,,,,,,
GS_TV02,,,,,,,,,,,,,,,,,0.9969151681354804,,,,,,,,,,,,,,0.22953783619427118,0.00017442090402879575,,,,0.9996848330350696,,,,,,,,,,,,0.6663801791073278,,,,,-0.00019579497752951328,,,,,,,0.9997598490538198,,,,,,,,,,,,,,,,,,0.0003937053378559597,,,,,,,,,,,,,5.199142529143153e-06,0.5969581834647907,,,,0.9999272833777352,,,0.9962038054246745,0.7428561307348918,,0.0006032801085325603,,,,,,,0.7428560299162212,,,,,,,,,,,,,,,,,,0.9877673139070875,,0.5460247359583236,,,,,,,,,,,,,,,,,,,0.99986762854729,,,,1.0,,,,,,,,0.9988664851481182,,0.00017443520360339038,0.010223908847651106,,,,,,,,,,,0.0031244306157794293,,-0.020438432258285684,,,0.9990848309902988,,,0.0003937053378559588,,,,,0.9999390443398909,,,,,,,0.10618882542030098,,,,,,,,0.0017020020503728452,0.9999240182445245,,,,-0.002316197393386098,,,,,,,,,,,0.5969606926467609,,,0.00017443520360339038,,,,,,,,,,-0.00019579497752951315,,,,0.10619345351510784,0.005820647234851354,0.9994885635767217,,,,,,
SRATIO,,,,,,,,,,,,,,,,,,,,,,,,,,,,,,,,,,,,,,,,,,,,,,,,,,,,,,,,,,,,,,,,,,,,,,,,,,,,,,,,,,,,,,,,,,,,,,,,,,,,,,,,,,,,,,,,,,,,,,,,,,,,,,,,,,,,,,,,,,,,,,,,,,,,,,,,,,,,,,,,,,,,,,,,,,,,,,,,,,,,,,,,,,,,,,,,,,,,,,,,,,,,,,,,,,,,,,,,,,,,,,,,,,,,,,,,,,,,,,,,,,,
TFLO,,,,,,,,,,,,,,,,,,,,,,,,,,,,,,,,,,,,,,,,,,,,,,,,,,,,,,,,,,,,,,,,,,,,,,,,,,,,,,,,,,,,,,,,,,,,,,,,,,,,,,,,,,,,,,,,,,,,,,,,,,,,,,,,,,,,,,,,,,,,,,,,,,,,,,,,,,,,,,,,,,,,,,,,,,,,,,,,,,,,,,,,,,,,,,,,,,,,,,,,,,,,,,,,,,,,,,,,,,,,,,,,,,,,,,,,,,,,,,,,,,,
A28H_UNC_DH_ECO_RT,,,,,,,,,,,,,,,,,,,,,,,,,,,,,,,,,,,,,,,,,,,,,,,,,,,,,,,,,,,,,,,,,,,,,,,,,,,,,,,,,,,,,,,,,,,,,,,,,,,,,,,,,,,,,,,,,,,,,,,,,,,,,,,,,,,,,,,,,,,,,,,,,,,,,,,,,,,,,,,,,,,,,,,,,,,,,,,,,,,,,,,,,,,,,,,,,,,,,,,,,,,,,,,,,,,,,,,,,,,,,,,,,,,,,,,,,,,,,,,,,,,
PESD_RT,,,,,,,,,,,,,,,,,,,,,,,,,,,,,,,,,,,,,,,,,,,,,,,,,,,,,,,,,,,,,,,,,,,,,,,,,,,,,,,,,,,,,,,,,,,,,,,,,,,,,,,,,,,,,,,,,,,,,,,,,,,,,,,,,,,,,,,,,,,,,,,,,,,,,,,,,,,,,,,,,,,,,,,,,,,,,,,,,,,,,,,,,,,,,,,,,,,,,,,,,,,,,,,,,,,,,,,,,,,,,,,,,,,,,,,,,,,,,,,,,,,
SHKRATE_RT,,,,,,,,,,,,,,,,,,,,,,,,,,,,,,,,,,,,,,,,,,,,,,,,,,,,,,,,,,,,,,,,,,,,,,,,,,,,,,,,,,,,,,,,,,,,,,,,,,,,,,,,,,,,,,,,,,,,,,,,,,,,,,,,,,,,,,,,,,,,,,,,,,,,,,,,,,,,,,,,,,,,,,,,,,,,,,,,,,,,,,,,,,,,,,,,,,,,,,,,,,,,,,,,,,,,,,,,,,,,,,,,,,,,,,,,,,,,,,,,,,,
TOJ,,,,,,,,,,,,,,,,,,,,,,,,,,,,,,,,,,,,,,,,,,,,,,,,,,,,,,,,,,,,,,,,,,,,,,,,,,,,,,,,,,,,,,,,,,,,,,,,,,,,,,,,,,,,,,,,,,,,,,,,,,,,,,,,,,,,,,,,,,,,,,,,,,,,,,,,,,,,,,,,,,,,,,,,,,,,,,,,,,,,,,,,,,,,,,,,,,,,,,,,,,,,,,,,,,,,,,,,,,,,,,,,,,,,,,,,,,,,,,,,,,,
GZ_RT,,,,,,,,,,,,,,,,,,,,,,,,,,,,,,,,,,,,,,,,,,,,,,,,,,,,,,,,,,,,,,,,,,,,,,,,,,,,,,,,,,,,,,,,,,,,,,,,,,,,,,,,,,,,,,,,,,,,,,,,,,,,,,,,,,,,,,,,,,,,,,,,,,,,,,,,,,,,,,,,,,,,,,,,,,,,,,,,,,,,,,,,,,,,,,,,,,,,,,,,,,,,,,,,,,,,,,,,,,,,,,,,,,,,,,,,,,,,,,,,,,,
GS_TV07,,,,,,,,,,,,,,,,,0.9968571816208872,,,,,,,,,,,,,,0.10004735133380165,-0.033133889413446416,,,,0.9984903386075812,,,,,,,,,,,,0.6658887787075914,,,,,-0.0020155998060056935,,,,,,,0.9986528303477881,,,,,,,,,,,,,,,,,,0.00902510738625732,,,,,,,,,,,,,0.000572912039228172,0.5962199995138985,,,,0.9988783147931243,,,0.9945528571573148,0.7420455029225627,,-0.0037623669414636623,,,,,,,0.7420456949482432,,,,,,,,,,,,,,,,,,0.9854430197779457,,0.54951371624353,,,,,,,,,,,,,,,,,,,0.9989658229065708,,,,0.9988664851481182,,,,,,,,1.0,,-0.03313301988904464,0.004473761654442244,,,,,,,,,,,0.0009159718597989378,,-0.02424144034410304,,,0.997911612426302,,,0.00902510738625734,,,,,0.9988705524871894,,,,,,,0.1082202305217275,,,,,,,,0.003686446407192634,0.9989482782735021,,,,-0.012371559995130213,,,,,,,,,,,0.5961855847983623,,,-0.03313301988904464,,,,,,,,,,-0.002015599806005697,,,,0.10815035422839057,0.002841616970048407,0.9983124098745746,,,,,,
DBTM,,,,,,,,,,,,,,,,,,,,,,,,,,,,,,,,,,,,,,,,,,,,,,,,,,,,,,,,,,,,,,,,,,,,,,,,,,,,,,,,,,,,,,,,,,,,,,,,,,,,,,,,,,,,,,,,,,,,,,,,,,,,,,,,,,,,,,,,,,,,,,,,,,,,,,,,,,,,,,,,,,,,,,,,,,,,,,,,,,,,,,,,,,,,,,,,,,,,,,,,,,,,,,,,,,,,,,,,,,,,,,,,,,,,,,,,,,,,,,,,,,,
GS_SPM2,,,,,,,,,,,,,,,,,0.0004948848727360401,,,,,,,,,,,,,,-0.02166954102442269,0.03344016175216542,,,,0.00037873300481115605,,,,,,,,,,,,-0.0008525582594207534,,,,,-0.0013066597243580763,,,,,,,0.0013719940030525288,,,,,,,,,,,,,,,,,,-0.0766406512292224,,,,,,,,,,,,,0.0008294337078140175,0.0004985590762539251,,,,0.00048702075704942435,,,0.00720033456697799,0.0007717673231285669,,0.0005893115110049329,,,,,,,0.0007699531003527828,,,,,,,,,,,,,,,,,,0.012885110432444865,,-0.039461515882844245,,,,,,,,,,,,,,,,,,,-0.0005860777743169594,,,,0.00017443520360339038,,,,,,,,-0.03313301988904464,,1.0,0.022013838830836182,,,,,,,,,,,0.007466596817062519,,0.050480657943492116,,,0.003306102456902109,,,-0.0766406512292224,,,,,0.0002904870423277246,,,,,,,0.001920446840960669,,,,,,,,0.0002807774567061268,-0.0002968318660301575,,,,0.1732406396288008,,,,,,,,,,,0.0007155145628439833,,,1.0,,,,,,,,,,-0.0013057423575750203,,,,0.0019195601751495846,0.008459906131380727,-0.000737439502512892,,,,,,
GS_BPOS,,,,,,,,,,,,,,,,,0.15866011917165546,,,,,,,,,,,,,,-0.39496464938924264,0.09525838959913725,,,,0.011998174484643282,,,,,,,,,,,,0.01549698002902007,,,,,0.013167530858539075,,,,,,,0.006510715053243435,,,,,,,,,,,,,,,,,,-0.1981849682017934,,,,,,,,,,,,,1.8671357316998273e-05,0.011503200821748025,,,,0.007510507966021453,,,0.036495312777139126,0.013840532144807323,,0.008906377319546969,,,,,,,0.013822141537030257,,,,,,,,,,,,,,,,,,0.058218125095506335,,-0.15388246753138943,,,,,,,,,,,,,,,,,,,0.00046641356185160094,,,,0.010223908847651106,,,,,,,,0.004473761654442244,,0.022013838830836182,1.0,,,,,,,,,,,0.21362737715621122,,-0.02703798484522026,,,0.01134361263370526,,,-0.1981849682017934,,,,,0.00920288715450218,,,,,,,0.19565194894812576,,,,,,,,0.00639826945088369,0.006810809739030949,,,,-0.09090457618832065,,,,,,,,,,,0.012148642282088305,,,0.02159564232271562,,,,,,,,,,0.013181091376037214,,,,0.19565778787750898,0.05340110957018252,0.021184779284947497,,,,,,
CRPM_RT,,,,,,,,,,,,,,,,,,,,,,,,,,,,,,,,,,,,,,,,,,,,,,,,,,,,,,,,,,,,,,,,,,,,,,,,,,,,,,,,,,,,,,,,,,,,,,,,,,,,,,,,,,,,,,,,,,,,,,,,,,,,,,,,,,,,,,,,,,,,,,,,,,,,,,,,,,,,,,,,,,,,,,,,,,,,,,,,,,,,,,,,,,,,,,,,,,,,,,,,,,,,,,,,,,,,,,,,,,,,,,,,,,,,,,,,,,,,,,,,,,,
STKSLP,,,,,,,,,,,,,,,,,,,,,,,,,,,,,,,,,,,,,,,,,,,,,,,,,,,,,,,,,,,,,,,,,,,,,,,,,,,,,,,,,,,,,,,,,,,,,,,,,,,,,,,,,,,,,,,,,,,,,,,,,,,,,,,,,,,,,,,,,,,,,,,,,,,,,,,,,,,,,,,,,,,,,,,,,,,,,,,,,,,,,,,,,,,,,,,,,,,,,,,,,,,,,,,,,,,,,,,,,,,,,,,,,,,,,,,,,,,,,,,,,,,
SDEP_CONT_RT,,,,,,,,,,,,,,,,,,,,,,,,,,,,,,,,,,,,,,,,,,,,,,,,,,,,,,,,,,,,,,,,,,,,,,,,,,,,,,,,,,,,,,,,,,,,,,,,,,,,,,,,,,,,,,,,,,,,,,,,,,,,,,,,,,,,,,,,,,,,,,,,,,,,,,,,,,,,,,,,,,,,,,,,,,,,,,,,,,,,,,,,,,,,,,,,,,,,,,,,,,,,,,,,,,,,,,,,,,,,,,,,,,,,,,,,,,,,,,,,,,,
TRPM,,,,,,,,,,,,,,,,,,,,,,,,,,,,,,,,,,,,,,,,,,,,,,,,,,,,,,,,,,,,,,,,,,,,,,,,,,,,,,,,,,,,,,,,,,,,,,,,,,,,,,,,,,,,,,,,,,,,,,,,,,,,,,,,,,,,,,,,,,,,,,,,,,,,,,,,,,,,,,,,,,,,,,,,,,,,,,,,,,,,,,,,,,,,,,,,,,,,,,,,,,,,,,,,,,,,,,,,,,,,,,,,,,,,,,,,,,,,,,,,,,,
STIS,,,,,,,,,,,,,,,,,,,,,,,,,,,,,,,,,,,,,,,,,,,,,,,,,,,,,,,,,,,,,,,,,,,,,,,,,,,,,,,,,,,,,,,,,,,,,,,,,,,,,,,,,,,,,,,,,,,,,,,,,,,,,,,,,,,,,,,,,,,,,,,,,,,,,,,,,,,,,,,,,,,,,,,,,,,,,,,,,,,,,,,,,,,,,,,,,,,,,,,,,,,,,,,,,,,,,,,,,,,,,,,,,,,,,,,,,,,,,,,,,,,
P40H_ECO_RT,,,,,,,,,,,,,,,,,,,,,,,,,,,,,,,,,,,,,,,,,,,,,,,,,,,,,,,,,,,,,,,,,,,,,,,,,,,,,,,,,,,,,,,,,,,,,,,,,,,,,,,,,,,,,,,,,,,,,,,,,,,,,,,,,,,,,,,,,,,,,,,,,,,,,,,,,,,,,,,,,,,,,,,,,,,,,,,,,,,,,,,,,,,,,,,,,,,,,,,,,,,,,,,,,,,,,,,,,,,,,,,,,,,,,,,,,,,,,,,,,,,
DTCO_RT,,,,,,,,,,,,,,,,,,,,,,,,,,,,,,,,,,,,,,,,,,,,,,,,,,,,,,,,,,,,,,,,,,,,,,,,,,,,,,,,,,,,,,,,,,,,,,,,,,,,,,,,,,,,,,,,,,,,,,,,,,,,,,,,,,,,,,,,,,,,,,,,,,,,,,,,,,,,,,,,,,,,,,,,,,,,,,,,,,,,,,,,,,,,,,,,,,,,,,,,,,,,,,,,,,,,,,,,,,,,,,,,,,,,,,,,,,,,,,,,,,,
HV,,,,,,,,,,,,,,,,,,,,,,,,,,,,,,,,,,,,,,,,,,,,,,,,,,,,,,,,,,,,,,,,,,,,,,,,,,,,,,,,,,,,,,,,,,,,,,,,,,,,,,,,,,,,,,,,,,,,,,,,,,,,,,,,,,,,,,,,,,,,,,,,,,,,,,,,,,,,,,,,,,,,,,,,,,,,,,,,,,,,,,,,,,,,,,,,,,,,,,,,,,,,,,,,,,,,,,,,,,,,,,,,,,,,,,,,,,,,,,,,,,,
P40H_UNC_DH_ECO_RT,,,,,,,,,,,,,,,,,,,,,,,,,,,,,,,,,,,,,,,,,,,,,,,,,,,,,,,,,,,,,,,,,,,,,,,,,,,,,,,,,,,,,,,,,,,,,,,,,,,,,,,,,,,,,,,,,,,,,,,,,,,,,,,,,,,,,,,,,,,,,,,,,,,,,,,,,,,,,,,,,,,,,,,,,,,,,,,,,,,,,,,,,,,,,,,,,,,,,,,,,,,,,,,,,,,,,,,,,,,,,,,,,,,,,,,,,,,,,,,,,,,
SHX,,,,,,,,,,,,,,,,,,,,,,,,,,,,,,,,,,,,,,,,,,,,,,,,,,,,,,,,,,,,,,,,,,,,,,,,,,,,,,,,,,,,,,,,,,,,,,,,,,,,,,,,,,,,,,,,,,,,,,,,,,,,,,,,,,,,,,,,,,,,,,,,,,,,,,,,,,,,,,,,,,,,,,,,,,,,,,,,,,,,,,,,,,,,,,,,,,,,,,,,,,,,,,,,,,,,,,,,,,,,,,,,,,,,,,,,,,,,,,,,,,,
GS_SPPA,,,,,,,,,,,,,,,,,0.018504234053237558,,,,,,,,,,,,,,-0.0326606308000128,0.011411941629335119,,,,0.0017113367903456348,,,,,,,,,,,,0.0016088192365211727,,,,,-0.0033108749228901485,,,,,,,-0.0011324469981930096,,,,,,,,,,,,,,,,,,0.12335039856496144,,,,,,,,,,,,,0.0020000211185306764,0.0019535529194273506,,,,0.0014992589616293136,,,-0.005156006272928201,0.001622986709331714,,0.0017136769228283338,,,,,,,0.0016178665594163292,,,,,,,,,,,,,,,,,,-0.007388495310033587,,0.02080505442982538,,,,,,,,,,,,,,,,,,,0.00020816354539660774,,,,0.0031244306157794293,,,,,,,,0.0009159718597989378,,0.007466596817062519,0.21362737715621122,,,,,,,,,,,1.0,,-0.09613103495376281,,,-0.003786545561916534,,,0.12335039856496144,,,,,0.001511355312873908,,,,,,,0.02000900565582644,,,,,,,,0.0004317163414987508,0.00036815501567067743,,,,-0.03591616758172897,,,,,,,,,,,0.0020554558762687527,,,0.007406764795181862,,,,,,,,,,-0.0033092548735815194,,,,0.02000690887611505,-0.007628808992853541,0.009303002652980832,,,,,,
CPOF,,,,,,,,,,,,,,,,,,,,,,,,,,,,,,,,,,,,,,,,,,,,,,,,,,,,,,,,,,,,,,,,,,,,,,,,,,,,,,,,,,,,,,,,,,,,,,,,,,,,,,,,,,,,,,,,,,,,,,,,,,,,,,,,,,,,,,,,,,,,,,,,,,,,,,,,,,,,,,,,,,,,,,,,,,,,,,,,,,,,,,,,,,,,,,,,,,,,,,,,,,,,,,,,,,,,,,,,,,,,,,,,,,,,,,,,,,,,,,,,,,,
GS_DBTM,,,,,,,,,,,,,,,,,-0.33642300870527747,,,,,,,,,,,,,,-0.6728598509115775,-0.15923047994451672,,,,-0.01864441979422889,,,,,,,,,,,,-0.01857682779463395,,,,,0.03779168967999805,,,,,,,-0.00604274765779449,,,,,,,,,,,,,,,,,,-0.4303516561629923,,,,,,,,,,,,,-0.003843441284274024,-0.021200977378148772,,,,-0.015617061607268713,,,0.04072485844455596,-0.024736531992459232,,-0.015306895224077303,,,,,,,-0.02471512245477947,,,,,,,,,,,,,,,,,,0.10284635316718209,,-0.289290927375451,,,,,,,,,,,,,,,,,,,-0.018165077484790182,,,,-0.020438432258285684,,,,,,,,-0.02424144034410304,,0.050480657943492116,-0.02703798484522026,,,,,,,,,,,-0.09613103495376281,,1.0,,,0.014255185785909364,,,-0.4303516561629923,,,,,-0.016081750879121223,,,,,,,-0.3893299448001214,,,,,,,,-0.011121792743674471,-0.01933891870038493,,,,-0.16327001472082342,,,,,,,,,,,-0.021278159267071595,,,0.05203453285681872,,,,,,,,,,0.037744879906617596,,,,-0.38936682347701124,0.04657231574398214,-0.030862081648498164,,,,,,
ECD_P,,,,,,,,,,,,,,,,,,,,,,,,,,,,,,,,,,,,,,,,,,,,,,,,,,,,,,,,,,,,,,,,,,,,,,,,,,,,,,,,,,,,,,,,,,,,,,,,,,,,,,,,,,,,,,,,,,,,,,,,,,,,,,,,,,,,,,,,,,,,,,,,,,,,,,,,,,,,,,,,,,,,,,,,,,,,,,,,,,,,,,,,,,,,,,,,,,,,,,,,,,,,,,,,,,,,,,,,,,,,,,,,,,,,,,,,,,,,,,,,,,,
OSTM,,,,,,,,,,,,,,,,,,,,,,,,,,,,,,,,,,,,,,,,,,,,,,,,,,,,,,,,,,,,,,,,,,,,,,,,,,,,,,,,,,,,,,,,,,,,,,,,,,,,,,,,,,,,,,,,,,,,,,,,,,,,,,,,,,,,,,,,,,,,,,,,,,,,,,,,,,,,,,,,,,,,,,,,,,,,,,,,,,,,,,,,,,,,,,,,,,,,,,,,,,,,,,,,,,,,,,,,,,,,,,,,,,,,,,,,,,,,,,,,,,,
GS_TDH,,,,,,,,,,,,,,,,,0.9942917811317664,,,,,,,,,,,,,,-0.5853200532762047,0.003306100598083091,,,,0.9988483107144731,,,,,,,,,,,,0.6662931417220967,,,,,0.002433846185716352,,,,,,,0.9997133104889588,,,,,,,,,,,,,,,,,,-0.02724637434665419,,,,,,,,,,,,,-0.0007736829470987293,0.5965174281084341,,,,0.9993681525229992,,,0.9984829084404736,0.7422804513164638,,-0.0052511265236120114,,,,,,,0.7422809158369614,,,,,,,,,,,,,,,,,,0.9928683893422269,,0.5312795374663679,,,,,,,,,,,,,,,,,,,0.99910663363815,,,,0.9990848309902988,,,,,,,,0.997911612426302,,0.003306102456902109,0.01134361263370526,,,,,,,,,,,-0.003786545561916534,,0.014255185785909364,,,1.0,,,-0.02724637434665419,,,,,0.9993628074410478,,,,,,,0.10342280520985504,,,,,,,,0.004024285605273866,0.9992150321215011,,,,-0.01091660471289063,,,,,,,,,,,0.5965238444838789,,,0.0033061024569021095,,,,,,,,,,0.0024338461857163515,,,,0.10342038619153293,0.02088582260667509,0.9979206941284396,,,,,,
VIBX_RT,,,,,,,,,,,,,,,,,,,,,,,,,,,,,,,,,,,,,,,,,,,,,,,,,,,,,,,,,,,,,,,,,,,,,,,,,,,,,,,,,,,,,,,,,,,,,,,,,,,,,,,,,,,,,,,,,,,,,,,,,,,,,,,,,,,,,,,,,,,,,,,,,,,,,,,,,,,,,,,,,,,,,,,,,,,,,,,,,,,,,,,,,,,,,,,,,,,,,,,,,,,,,,,,,,,,,,,,,,,,,,,,,,,,,,,,,,,,,,,,,,,
ROP30s,,,,,,,,,,,,,,,,,,,,,,,,,,,,,,,,,,,,,,,,,,,,,,,,,,,,,,,,,,,,,,,,,,,,,,,,,,,,,,,,,,,,,,,,,,,,,,,,,,,,,,,,,,,,,,,,,,,,,,,,,,,,,,,,,,,,,,,,,,,,,,,,,,,,,,,,,,,,,,,,,,,,,,,,,,,,,,,,,,,,,,,,,,,,,,,,,,,,,,,,,,,,,,,,,,,,,,,,,,,,,,,,,,,,,,,,,,,,,,,,,,,
RSUX,,,,,,,,,,,,,,,,,-0.07170003295774807,,,,,,,,,,,,,,0.5173449420971362,-0.05579506523399263,,,,-0.01038888812242264,,,,,,,,,,,,-0.012300929145015608,,,,,-0.057450509823861684,,,,,,,-0.010755301375212275,,,,,,,,,,,,,,,,,,1.0,,,,,,,,,,,,,0.018062371641869704,-0.006311487304391741,,,,-0.002488632727605662,,,-0.06664341976091455,-0.007739588932237402,,-0.0054084266361386,,,,,,,-0.0077339677843543415,,,,,,,,,,,,,,,,,,-0.12375141723149002,,0.3278064868187597,,,,,,,,,,,,,,,,,,,0.005263351898114777,,,,0.0003937053378559588,,,,,,,,0.00902510738625734,,-0.0766406512292224,-0.1981849682017934,,,,,,,,,,,0.12335039856496144,,-0.4303516561629923,,,-0.02724637434665419,,,1.0,,,,,-0.0036027099494436343,,,,,,,-0.10097701496884544,,,,,,,,-0.0035053734010238877,0.0004564429764247092,,,,0.09721742657443798,,,,,,,,,,,-0.007090768102397561,,,-0.07645974618677008,,,,,,,,,,-0.057456187874054744,,,,-0.10096064380811949,-0.07910545706122787,0.0052355039921382065,,,,,,
MSP6,,,,,,,,,,,,,,,,,,,,,,,,,,,,,,,,,,,,,,,,,,,,,,,,,,,,,,,,,,,,,,,,,,,,,,,,,,,,,,,,,,,,,,,,,,,,,,,,,,,,,,,,,,,,,,,,,,,,,,,,,,,,,,,,,,,,,,,,,,,,,,,,,,,,,,,,,,,,,,,,,,,,,,,,,,,,,,,,,,,,,,,,,,,,,,,,,,,,,,,,,,,,,,,,,,,,,,,,,,,,,,,,,,,,,,,,,,,,,,,,,,,
SGZ,,,,,,,,,,,,,,,,,,,,,,,,,,,,,,,,,,,,,,,,,,,,,,,,,,,,,,,,,,,,,,,,,,,,,,,,,,,,,,,,,,,,,,,,,,,,,,,,,,,,,,,,,,,,,,,,,,,,,,,,,,,,,,,,,,,,,,,,,,,,,,,,,,,,,,,,,,,,,,,,,,,,,,,,,,,,,,,,,,,,,,,,,,,,,,,,,,,,,,,,,,,,,,,,,,,,,,,,,,,,,,,,,,,,,,,,,,,,,,,,,,,
ANGXCRS,,,,,,,,,,,,,,,,,,,,,,,,,,,,,,,,,,,,,,,,,,,,,,,,,,,,,,,,,,,,,,,,,,,,,,,,,,,,,,,,,,,,,,,,,,,,,,,,,,,,,,,,,,,,,,,,,,,,,,,,,,,,,,,,,,,,,,,,,,,,,,,,,,,,,,,,,,,,,,,,,,,,,,,,,,,,,,,,,,,,,,,,,,,,,,,,,,,,,,,,,,,,,,,,,,,,,,,,,,,,,,,,,,,,,,,,,,,,,,,,,,,
MWIN,,,,,,,,,,,,,,,,,,,,,,,,,,,,,,,,,,,,,,,,,,,,,,,,,,,,,,,,,,,,,,,,,,,,,,,,,,,,,,,,,,,,,,,,,,,,,,,,,,,,,,,,,,,,,,,,,,,,,,,,,,,,,,,,,,,,,,,,,,,,,,,,,,,,,,,,,,,,,,,,,,,,,,,,,,,,,,,,,,,,,,,,,,,,,,,,,,,,,,,,,,,,,,,,,,,,,,,,,,,,,,,,,,,,,,,,,,,,,,,,,,,
GS_TV01,,,,,,,,,,,,,,,,,0.9967564275445646,,,,,,,,,,,,,,0.014003026182253063,0.00029049168461940536,,,,0.9996472974083942,,,,,,,,,,,,0.6665760207145542,,,,,0.0002661347115728091,,,,,,,0.9998963428639196,,,,,,,,,,,,,,,,,,-0.0036027099494436343,,,,,,,,,,,,,-0.00022621846670557036,0.5969876026406551,,,,0.9999849621819965,,,0.9966791068665791,0.7429314465805945,,0.006170398639808822,,,,,,,0.7429313805221869,,,,,,,,,,,,,,,,,,0.9885770478233605,,0.543977385925688,,,,,,,,,,,,,,,,,,,0.9998978343460643,,,,0.9999390443398909,,,,,,,,0.9988705524871894,,0.0002904870423277246,0.00920288715450218,,,,,,,,,,,0.001511355312873908,,-0.016081750879121223,,,0.9993628074410478,,,-0.0036027099494436343,,,,,1.0,,,,,,,0.10602062721008809,,,,,,,,0.0015965535827038514,0.9999653350380834,,,,-0.0038418438711169053,,,,,,,,,,,0.5969890174778077,,,0.0002904870423277242,,,,,,,,,,0.00026613471157281056,,,,0.1060254192669505,0.008532669364911614,0.9993262462667979,,,,,,
SRVNS,,,,,,,,,,,,,,,,,,,,,,,,,,,,,,,,,,,,,,,,,,,,,,,,,,,,,,,,,,,,,,,,,,,,,,,,,,,,,,,,,,,,,,,,,,,,,,,,,,,,,,,,,,,,,,,,,,,,,,,,,,,,,,,,,,,,,,,,,,,,,,,,,,,,,,,,,,,,,,,,,,,,,,,,,,,,,,,,,,,,,,,,,,,,,,,,,,,,,,,,,,,,,,,,,,,,,,,,,,,,,,,,,,,,,,,,,,,,,,,,,,,
SMOD,,,,,,,,,,,,,,,,,,,,,,,,,,,,,,,,,,,,,,,,,,,,,,,,,,,,,,,,,,,,,,,,,,,,,,,,,,,,,,,,,,,,,,,,,,,,,,,,,,,,,,,,,,,,,,,,,,,,,,,,,,,,,,,,,,,,,,,,,,,,,,,,,,,,,,,,,,,,,,,,,,,,,,,,,,,,,,,,,,,,,,,,,,,,,,,,,,,,,,,,,,,,,,,,,,,,,,,,,,,,,,,,,,,,,,,,,,,,,,,,,,,
PMIN_TM_RT,,,,,,,,,,,,,,,,,,,,,,,,,,,,,,,,,,,,,,,,,,,,,,,,,,,,,,,,,,,,,,,,,,,,,,,,,,,,,,,,,,,,,,,,,,,,,,,,,,,,,,,,,,,,,,,,,,,,,,,,,,,,,,,,,,,,,,,,,,,,,,,,,,,,,,,,,,,,,,,,,,,,,,,,,,,,,,,,,,,,,,,,,,,,,,,,,,,,,,,,,,,,,,,,,,,,,,,,,,,,,,,,,,,,,,,,,,,,,,,,,,,
SRV_GZ,,,,,,,,,,,,,,,,,,,,,,,,,,,,,,,,,,,,,,,,,,,,,,,,,,,,,,,,,,,,,,,,,,,,,,,,,,,,,,,,,,,,,,,,,,,,,,,,,,,,,,,,,,,,,,,,,,,,,,,,,,,,,,,,,,,,,,,,,,,,,,,,,,,,,,,,,,,,,,,,,,,,,,,,,,,,,,,,,,,,,,,,,,,,,,,,,,,,,,,,,,,,,,,,,,,,,,,,,,,,,,,,,,,,,,,,,,,,,,,,,,,
STK3,,,,,,,,,,,,,,,,,,,,,,,,,,,,,,,,,,,,,,,,,,,,,,,,,,,,,,,,,,,,,,,,,,,,,,,,,,,,,,,,,,,,,,,,,,,,,,,,,,,,,,,,,,,,,,,,,,,,,,,,,,,,,,,,,,,,,,,,,,,,,,,,,,,,,,,,,,,,,,,,,,,,,,,,,,,,,,,,,,,,,,,,,,,,,,,,,,,,,,,,,,,,,,,,,,,,,,,,,,,,,,,,,,,,,,,,,,,,,,,,,,,
RHX,,,,,,,,,,,,,,,,,,,,,,,,,,,,,,,,,,,,,,,,,,,,,,,,,,,,,,,,,,,,,,,,,,,,,,,,,,,,,,,,,,,,,,,,,,,,,,,,,,,,,,,,,,,,,,,,,,,,,,,,,,,,,,,,,,,,,,,,,,,,,,,,,,,,,,,,,,,,,,,,,,,,,,,,,,,,,,,,,,,,,,,,,,,,,,,,,,,,,,,,,,,,,,,,,,,,,,,,,,,,,,,,,,,,,,,,,,,,,,,,,,,
FVOC,,,,,,,,,,,,,,,,,0.7470863606368157,,,,,,,,,,,,,,0.7739167391150252,0.3961699455279037,,,,0.10537003804004694,,,,,,,,,,,,0.06675070332122819,,,,,0.008446232758609597,,,,,,,0.10566624971638684,,,,,,,,,,,,,,,,,,-0.10097701496884544,,,,,,,,,,,,,-0.014893675766184103,0.060475871368106913,,,,0.10622989834831295,,,0.09835032321574154,0.6734233468429632,,0.020989479574649514,,,,,,,0.6734197001277377,,,,,,,,,,,,,,,,,,0.09028649442992613,,0.09299249131800934,,,,,,,,,,,,,,,,,,,0.1071174710262678,,,,0.10618882542030098,,,,,,,,0.1082202305217275,,0.001920446840960669,0.19565194894812576,,,,,,,,,,,0.02000900565582644,,-0.3893299448001214,,,0.10342280520985504,,,-0.10097701496884544,,,,,0.10602062721008809,,,,,,,1.0,,,,,,,,0.053196155156381826,0.10661169919126702,,,,0.09070412117427859,,,,,,,,,,,0.060436120512711036,,,-0.0002718426389773112,,,,,,,,,,0.00848605648284273,,,,1.0,0.07136994900884559,0.10546559417606194,,,,,,
TF_CORR,,,,,,,,,,,,,,,,,,,,,,,,,,,,,,,,,,,,,,,,,,,,,,,,,,,,,,,,,,,,,,,,,,,,,,,,,,,,,,,,,,,,,,,,,,,,,,,,,,,,,,,,,,,,,,,,,,,,,,,,,,,,,,,,,,,,,,,,,,,,,,,,,,,,,,,,,,,,,,,,,,,,,,,,,,,,,,,,,,,,,,,,,,,,,,,,,,,,,,,,,,,,,,,,,,,,,,,,,,,,,,,,,,,,,,,,,,,,,,,,,,,
BP_CORR_P,,,,,,,,,,,,,,,,,,,,,,,,,,,,,,,,,,,,,,,,,,,,,,,,,,,,,,,,,,,,,,,,,,,,,,,,,,,,,,,,,,,,,,,,,,,,,,,,,,,,,,,,,,,,,,,,,,,,,,,,,,,,,,,,,,,,,,,,,,,,,,,,,,,,,,,,,,,,,,,,,,,,,,,,,,,,,,,,,,,,,,,,,,,,,,,,,,,,,,,,,,,,,,,,,,,,,,,,,,,,,,,,,,,,,,,,,,,,,,,,,,,
INCL_CONT_RT,,,,,,,,,,,,,,,,,,,,,,,,,,,,,,,,,,,,,,,,,,,,,,,,,,,,,,,,,,,,,,,,,,,,,,,,,,,,,,,,,,,,,,,,,,,,,,,,,,,,,,,,,,,,,,,,,,,,,,,,,,,,,,,,,,,,,,,,,,,,,,,,,,,,,,,,,,,,,,,,,,,,,,,,,,,,,,,,,,,,,,,,,,,,,,,,,,,,,,,,,,,,,,,,,,,,,,,,,,,,,,,,,,,,,,,,,,,,,,,,,,,
QROP,,,,,,,,,,,,,,,,,,,,,,,,,,,,,,,,,,,,,,,,,,,,,,,,,,,,,,,,,,,,,,,,,,,,,,,,,,,,,,,,,,,,,,,,,,,,,,,,,,,,,,,,,,,,,,,,,,,,,,,,,,,,,,,,,,,,,,,,,,,,,,,,,,,,,,,,,,,,,,,,,,,,,,,,,,,,,,,,,,,,,,,,,,,,,,,,,,,,,,,,,,,,,,,,,,,,,,,,,,,,,,,,,,,,,,,,,,,,,,,,,,,
A40H_ECO_RT,,,,,,,,,,,,,,,,,,,,,,,,,,,,,,,,,,,,,,,,,,,,,,,,,,,,,,,,,,,,,,,,,,,,,,,,,,,,,,,,,,,,,,,,,,,,,,,,,,,,,,,,,,,,,,,,,,,,,,,,,,,,,,,,,,,,,,,,,,,,,,,,,,,,,,,,,,,,,,,,,,,,,,,,,,,,,,,,,,,,,,,,,,,,,,,,,,,,,,,,,,,,,,,,,,,,,,,,,,,,,,,,,,,,,,,,,,,,,,,,,,,
GS_SPM3,,,,,,,,,,,,,,,,,,,,,,,,,,,,,,,,,,,,,,,,,,,,,,,,,,,,,,,,,,,,,,,,,,,,,,,,,,,,,,,,,,,,,,,,,,,,,,,,,,,,,,,,,,,,,,,,,,,,,,,,,,,,,,,,,,,,,,,,,,,,,,,,,,,,,,,,,,,,,,,,,,,,,,,,,,,,,,,,,,,,,,,,,,,,,,,,,,,,,,,,,,,,,,,,,,,,,,,,,,,,,,,,,,,,,,,,,,,,,,,,,,,
SRVDEPTH,,,,,,,,,,,,,,,,,,,,,,,,,,,,,,,,,,,,,,,,,,,,,,,,,,,,,,,,,,,,,,,,,,,,,,,,,,,,,,,,,,,,,,,,,,,,,,,,,,,,,,,,,,,,,,,,,,,,,,,,,,,,,,,,,,,,,,,,,,,,,,,,,,,,,,,,,,,,,,,,,,,,,,,,,,,,,,,,,,,,,,,,,,,,,,,,,,,,,,,,,,,,,,,,,,,,,,,,,,,,,,,,,,,,,,,,,,,,,,,,,,,
GS_CFIA,,,,,,,,,,,,,,,,,0.033526417078361855,,,,,,,,,,,,,,0.013339655427168494,0.00028077745433433357,,,,0.0007057304878476979,,,,,,,,,,,,0.00361221957992056,,,,,0.0002149437647662876,,,,,,,0.0022285362613132073,,,,,,,,,,,,,,,,,,-0.0035053734010238877,,,,,,,,,,,,,-0.00011119332426392877,0.002989978785402835,,,,0.0021207162541827342,,,0.004487453194726795,0.002973934668220991,,0.0016898226014699796,,,,,,,0.0030363479623197083,,,,,,,,,,,,,,,,,,0.001886377702132004,,0.019888850513712683,,,,,,,,,,,,,,,,,,,0.003846586985848053,,,,0.0017020020503728452,,,,,,,,0.003686446407192634,,0.0002807774567061268,0.00639826945088369,,,,,,,,,,,0.0004317163414987508,,-0.011121792743674471,,,0.004024285605273866,,,-0.0035053734010238877,,,,,0.0015965535827038514,,,,,,,0.053196155156381826,,,,,,,,1.0,0.001447033984515882,,,,0.008158617311435535,,,,,,,,,,,0.002629303846112442,,,0.0002807774567061271,,,,,,,,,,0.0002149437647662876,,,,0.05319616240593965,0.9758429344276938,-0.0005025503584887142,,,,,,
GS_TV03,,,,,,,,,,,,,,,,,0.9970741369257782,,,,,,,,,,,,,,0.44376507625971306,-0.0002968337538162957,,,,0.9995823374363533,,,,,,,,,,,,0.6666801001848447,,,,,0.0001231124844591675,,,,,,,0.9998457074564105,,,,,,,,,,,,,,,,,,0.0004564429764247092,,,,,,,,,,,,,-6.886903863236689e-05,0.596951311591934,,,,0.9999655750463589,,,0.9962975098721154,0.742854437699568,,0.0041380749285041245,,,,,,,0.7428543291932622,,,,,,,,,,,,,,,,,,0.9878537597869704,,0.5458320269524759,,,,,,,,,,,,,,,,,,,0.9999280076221693,,,,0.9999240182445245,,,,,,,,0.9989482782735021,,-0.0002968318660301575,0.006810809739030949,,,,,,,,,,,0.00036815501567067743,,-0.01933891870038493,,,0.9992150321215011,,,0.0004564429764247092,,,,,0.9999653350380834,,,,,,,0.10661169919126702,,,,,,,,0.001447033984515882,1.0,,,,-0.002974236080974088,,,,,,,,,,,0.5969477237731223,,,-0.00029683186603015775,,,,,,,,,,0.0001231124844591718,,,,0.10661548067382567,0.006676944928306568,0.9992984764246533,,,,,,
TTPO_RT,,,,,,,,,,,,,,,,,,,,,,,,,,,,,,,,,,,,,,,,,,,,,,,,,,,,,,,,,,,,,,,,,,,,,,,,,,,,,,,,,,,,,,,,,,,,,,,,,,,,,,,,,,,,,,,,,,,,,,,,,,,,,,,,,,,,,,,,,,,,,,,,,,,,,,,,,,,,,,,,,,,,,,,,,,,,,,,,,,,,,,,,,,,,,,,,,,,,,,,,,,,,,,,,,,,,,,,,,,,,,,,,,,,,,,,,,,,,,,,,,,,
A28H_COND_UNC_ECO_RT,,,,,,,,,,,,,,,,,,,,,,,,,,,,,,,,,,,,,,,,,,,,,,,,,,,,,,,,,,,,,,,,,,,,,,,,,,,,,,,,,,,,,,,,,,,,,,,,,,,,,,,,,,,,,,,,,,,,,,,,,,,,,,,,,,,,,,,,,,,,,,,,,,,,,,,,,,,,,,,,,,,,,,,,,,,,,,,,,,,,,,,,,,,,,,,,,,,,,,,,,,,,,,,,,,,,,,,,,,,,,,,,,,,,,,,,,,,,,,,,,,,
DNISTAT,,,,,,,,,,,,,,,,,,,,,,,,,,,,,,,,,,,,,,,,,,,,,,,,,,,,,,,,,,,,,,,,,,,,,,,,,,,,,,,,,,,,,,,,,,,,,,,,,,,,,,,,,,,,,,,,,,,,,,,,,,,,,,,,,,,,,,,,,,,,,,,,,,,,,,,,,,,,,,,,,,,,,,,,,,,,,,,,,,,,,,,,,,,,,,,,,,,,,,,,,,,,,,,,,,,,,,,,,,,,,,,,,,,,,,,,,,,,,,,,,,,
GS_HKLD,,,,,,,,,,,,,,,,,0.06597557107709197,,,,,,,,,,,,,,0.14416555791399724,0.037798917691495494,,,,-0.0019112671608679085,,,,,,,,,,,,-0.0025571615586420476,,,,,-0.06425677398307242,,,,,,,-0.006154343421696236,,,,,,,,,,,,,,,,,,0.09721742657443798,,,,,,,,,,,,,0.027298442966002236,-0.004224760536055403,,,,-0.004304290594414069,,,-0.01897904790490917,-0.0032837908962127117,,0.0016554205468705377,,,,,,,-0.003286858128026779,,,,,,,,,,,,,,,,,,-0.032411581837361085,,0.07270021968502152,,,,,,,,,,,,,,,,,,,-0.0023458272202903337,,,,-0.002316197393386098,,,,,,,,-0.012371559995130213,,0.1732406396288008,-0.09090457618832065,,,,,,,,,,,-0.03591616758172897,,-0.16327001472082342,,,-0.01091660471289063,,,0.09721742657443798,,,,,-0.0038418438711169053,,,,,,,0.09070412117427859,,,,,,,,0.008158617311435535,-0.002974236080974088,,,,1.0,,,,,,,,,,,-0.004181488210293694,,,0.1774594518346489,,,,,,,,,,-0.06425677398307258,,,,0.09066157909324939,-0.0038855085133954878,-0.0011594812214148107,,,,,,
A28H_ECO_RT,,,,,,,,,,,,,,,,,,,,,,,,,,,,,,,,,,,,,,,,,,,,,,,,,,,,,,,,,,,,,,,,,,,,,,,,,,,,,,,,,,,,,,,,,,,,,,,,,,,,,,,,,,,,,,,,,,,,,,,,,,,,,,,,,,,,,,,,,,,,,,,,,,,,,,,,,,,,,,,,,,,,,,,,,,,,,,,,,,,,,,,,,,,,,,,,,,,,,,,,,,,,,,,,,,,,,,,,,,,,,,,,,,,,,,,,,,,,,,,,,,,
GTF_RT,,,,,,,,,,,,,,,,,,,,,,,,,,,,,,,,,,,,,,,,,,,,,,,,,,,,,,,,,,,,,,,,,,,,,,,,,,,,,,,,,,,,,,,,,,,,,,,,,,,,,,,,,,,,,,,,,,,,,,,,,,,,,,,,,,,,,,,,,,,,,,,,,,,,,,,,,,,,,,,,,,,,,,,,,,,,,,,,,,,,,,,,,,,,,,,,,,,,,,,,,,,,,,,,,,,,,,,,,,,,,,,,,,,,,,,,,,,,,,,,,,,
SPPA,,,,,,,,,,,,,,,,,,,,,,,,,,,,,,,,,,,,,,,,,,,,,,,,,,,,,,,,,,,,,,,,,,,,,,,,,,,,,,,,,,,,,,,,,,,,,,,,,,,,,,,,,,,,,,,,,,,,,,,,,,,,,,,,,,,,,,,,,,,,,,,,,,,,,,,,,,,,,,,,,,,,,,,,,,,,,,,,,,,,,,,,,,,,,,,,,,,,,,,,,,,,,,,,,,,,,,,,,,,,,,,,,,,,,,,,,,,,,,,,,,,
SRV_GX,,,,,,,,,,,,,,,,,,,,,,,,,,,,,,,,,,,,,,,,,,,,,,,,,,,,,,,,,,,,,,,,,,,,,,,,,,,,,,,,,,,,,,,,,,,,,,,,,,,,,,,,,,,,,,,,,,,,,,,,,,,,,,,,,,,,,,,,,,,,,,,,,,,,,,,,,,,,,,,,,,,,,,,,,,,,,,,,,,,,,,,,,,,,,,,,,,,,,,,,,,,,,,,,,,,,,,,,,,,,,,,,,,,,,,,,,,,,,,,,,,,
HVM,,,,,,,,,,,,,,,,,,,,,,,,,,,,,,,,,,,,,,,,,,,,,,,,,,,,,,,,,,,,,,,,,,,,,,,,,,,,,,,,,,,,,,,,,,,,,,,,,,,,,,,,,,,,,,,,,,,,,,,,,,,,,,,,,,,,,,,,,,,,,,,,,,,,,,,,,,,,,,,,,,,,,,,,,,,,,,,,,,,,,,,,,,,,,,,,,,,,,,,,,,,,,,,,,,,,,,,,,,,,,,,,,,,,,,,,,,,,,,,,,,,
GS_TTV1,,,,,,,,,,,,,,,,,,,,,,,,,,,,,,,,,,,,,,,,,,,,,,,,,,,,,,,,,,,,,,,,,,,,,,,,,,,,,,,,,,,,,,,,,,,,,,,,,,,,,,,,,,,,,,,,,,,,,,,,,,,,,,,,,,,,,,,,,,,,,,,,,,,,,,,,,,,,,,,,,,,,,,,,,,,,,,,,,,,,,,,,,,,,,,,,,,,,,,,,,,,,,,,,,,,,,,,,,,,,,,,,,,,,,,,,,,,,,,,,,,,
CRS_CNAZI,,,,,,,,,,,,,,,,,,,,,,,,,,,,,,,,,,,,,,,,,,,,,,,,,,,,,,,,,,,,,,,,,,,,,,,,,,,,,,,,,,,,,,,,,,,,,,,,,,,,,,,,,,,,,,,,,,,,,,,,,,,,,,,,,,,,,,,,,,,,,,,,,,,,,,,,,,,,,,,,,,,,,,,,,,,,,,,,,,,,,,,,,,,,,,,,,,,,,,,,,,,,,,,,,,,,,,,,,,,,,,,,,,,,,,,,,,,,,,,,,,,
CHPO_RT,,,,,,,,,,,,,,,,,,,,,,,,,,,,,,,,,,,,,,,,,,,,,,,,,,,,,,,,,,,,,,,,,,,,,,,,,,,,,,,,,,,,,,,,,,,,,,,,,,,,,,,,,,,,,,,,,,,,,,,,,,,,,,,,,,,,,,,,,,,,,,,,,,,,,,,,,,,,,,,,,,,,,,,,,,,,,,,,,,,,,,,,,,,,,,,,,,,,,,,,,,,,,,,,,,,,,,,,,,,,,,,,,,,,,,,,,,,,,,,,,,,
GS_G_IC4,,,,,,,,,,,,,,,,,,,,,,,,,,,,,,,,,,,,,,,,,,,,,,,,,,,,,,,,,,,,,,,,,,,,,,,,,,,,,,,,,,,,,,,,,,,,,,,,,,,,,,,,,,,,,,,,,,,,,,,,,,,,,,,,,,,,,,,,,,,,,,,,,,,,,,,,,,,,,,,,,,,,,,,,,,,,,,,,,,,,,,,,,,,,,,,,,,,,,,,,,,,,,,,,,,,,,,,,,,,,,,,,,,,,,,,,,,,,,,,,,,,
SWOB30s,,,,,,,,,,,,,,,,,,,,,,,,,,,,,,,,,,,,,,,,,,,,,,,,,,,,,,,,,,,,,,,,,,,,,,,,,,,,,,,,,,,,,,,,,,,,,,,,,,,,,,,,,,,,,,,,,,,,,,,,,,,,,,,,,,,,,,,,,,,,,,,,,,,,,,,,,,,,,,,,,,,,,,,,,,,,,,,,,,,,,,,,,,,,,,,,,,,,,,,,,,,,,,,,,,,,,,,,,,,,,,,,,,,,,,,,,,,,,,,,,,,
GS_TV05,,,,,,,,,,,,,,,,,0.5943608114547252,,,,,,,,,,,,,,-0.009595628442756968,0.0007155145567995477,,,,0.5968329603170391,,,,,,,,,,,,0.397802114038319,,,,,0.0005447785089622082,,,,,,,0.5969358136236599,,,,,,,,,,,,,,,,,,-0.007090768102397561,,,,,,,,,,,,,-0.0003542693434299858,0.999997913585886,,,,0.5969287303794197,,,0.5949835857626825,0.4433937368586772,,-0.0001247484715472201,,,,,,,0.4433945196412556,,,,,,,,,,,,,,,,,,0.5904098757135852,,0.9109783833087691,,,,,,,,,,,,,,,,,,,0.5967399457127813,,,,0.5969606926467609,,,,,,,,0.5961855847983623,,0.0007155145628439833,0.012148642282088305,,,,,,,,,,,0.0020554558762687527,,-0.021278159267071595,,,0.5965238444838789,,,-0.007090768102397561,,,,,0.5969890174778077,,,,,,,0.060436120512711036,,,,,,,,0.002629303846112442,0.5969477237731223,,,,-0.004181488210293694,,,,,,,,,,,1.0,,,0.0007155145628439851,,,,,,,,,,0.0005447785089622097,,,,0.0604400182839537,0.01281949579183264,0.5966816082562578,,,,,,
PMAX_RT,,,,,,,,,,,,,,,,,,,,,,,,,,,,,,,,,,,,,,,,,,,,,,,,,,,,,,,,,,,,,,,,,,,,,,,,,,,,,,,,,,,,,,,,,,,,,,,,,,,,,,,,,,,,,,,,,,,,,,,,,,,,,,,,,,,,,,,,,,,,,,,,,,,,,,,,,,,,,,,,,,,,,,,,,,,,,,,,,,,,,,,,,,,,,,,,,,,,,,,,,,,,,,,,,,,,,,,,,,,,,,,,,,,,,,,,,,,,,,,,,,,
SRV_GY,,,,,,,,,,,,,,,,,,,,,,,,,,,,,,,,,,,,,,,,,,,,,,,,,,,,,,,,,,,,,,,,,,,,,,,,,,,,,,,,,,,,,,,,,,,,,,,,,,,,,,,,,,,,,,,,,,,,,,,,,,,,,,,,,,,,,,,,,,,,,,,,,,,,,,,,,,,,,,,,,,,,,,,,,,,,,,,,,,,,,,,,,,,,,,,,,,,,,,,,,,,,,,,,,,,,,,,,,,,,,,,,,,,,,,,,,,,,,,,,,,,
GS_SPM1,,,,,,,,,,,,,,,,,-0.0013079110090851523,,,,,,,,,,,,,,-0.02166954102442269,0.11930384079729094,,,,0.00037873300481115605,,,,,,,,,,,,-0.0008525582594207534,,,,,-0.0013293412828260433,,,,,,,0.0013719940030525288,,,,,,,,,,,,,,,,,,-0.07645974618677008,,,,,,,,,,,,,0.0008402927015160847,0.0004985590762539251,,,,0.00048702075704942435,,,0.00720033456697799,0.0007717673231285669,,0.0005893115110049329,,,,,,,0.0007699531003527828,,,,,,,,,,,,,,,,,,0.012885110432444865,,-0.039461515882844245,,,,,,,,,,,,,,,,,,,-0.0005860777743169594,,,,0.00017443520360339038,,,,,,,,-0.03313301988904464,,1.0,0.02159564232271562,,,,,,,,,,,0.007406764795181862,,0.05203453285681872,,,0.0033061024569021095,,,-0.07645974618677008,,,,,0.0002904870423277242,,,,,,,-0.0002718426389773112,,,,,,,,0.0002807774567061271,-0.00029683186603015775,,,,0.1774594518346489,,,,,,,,,,,0.0007155145628439851,,,1.0,,,,,,,,,,-0.0013283918031055727,,,,-0.0002725798721386255,0.008459906131380727,-0.000737439502512892,,,,,,
GRID_CORR,,,,,,,,,,,,,,,,,,,,,,,,,,,,,,,,,,,,,,,,,,,,,,,,,,,,,,,,,,,,,,,,,,,,,,,,,,,,,,,,,,,,,,,,,,,,,,,,,,,,,,,,,,,,,,,,,,,,,,,,,,,,,,,,,,,,,,,,,,,,,,,,,,,,,,,,,,,,,,,,,,,,,,,,,,,,,,,,,,,,,,,,,,,,,,,,,,,,,,,,,,,,,,,,,,,,,,,,,,,,,,,,,,,,,,,,,,,,,,,,,,,
GS_DRTM,,,,,,,,,,,,,,,,,,,,,,,,,,,,,,,,,,,,,,,,,,,,,,,,,,,,,,,,,,,,,,,,,,,,,,,,,,,,,,,,,,,,,,,,,,,,,,,,,,,,,,,,,,,,,,,,,,,,,,,,,,,,,,,,,,,,,,,,,,,,,,,,,,,,,,,,,,,,,,,,,,,,,,,,,,,,,,,,,,,,,,,,,,,,,,,,,,,,,,,,,,,,,,,,,,,,,,,,,,,,,,,,,,,,,,,,,,,,,,,,,,,
ESD_RT,,,,,,,,,,,,,,,,,,,,,,,,,,,,,,,,,,,,,,,,,,,,,,,,,,,,,,,,,,,,,,,,,,,,,,,,,,,,,,,,,,,,,,,,,,,,,,,,,,,,,,,,,,,,,,,,,,,,,,,,,,,,,,,,,,,,,,,,,,,,,,,,,,,,,,,,,,,,,,,,,,,,,,,,,,,,,,,,,,,,,,,,,,,,,,,,,,,,,,,,,,,,,,,,,,,,,,,,,,,,,,,,,,,,,,,,,,,,,,,,,,,
GS_DMEA,,,,,,,,,,,,,,,,,,,,,,,,,,,,,,,,,,,,,,,,,,,,,,,,,,,,,,,,,,,,,,,,,,,,,,,,,,,,,,,,,,,,,,,,,,,,,,,,,,,,,,,,,,,,,,,,,,,,,,,,,,,,,,,,,,,,,,,,,,,,,,,,,,,,,,,,,,,,,,,,,,,,,,,,,,,,,,,,,,,,,,,,,,,,,,,,,,,,,,,,,,,,,,,,,,,,,,,,,,,,,,,,,,,,,,,,,,,,,,,,,,,
RTSTAT,,,,,,,,,,,,,,,,,,,,,,,,,,,,,,,,,,,,,,,,,,,,,,,,,,,,,,,,,,,,,,,,,,,,,,,,,,,,,,,,,,,,,,,,,,,,,,,,,,,,,,,,,,,,,,,,,,,,,,,,,,,,,,,,,,,,,,,,,,,,,,,,,,,,,,,,,,,,,,,,,,,,,,,,,,,,,,,,,,,,,,,,,,,,,,,,,,,,,,,,,,,,,,,,,,,,,,,,,,,,,,,,,,,,,,,,,,,,,,,,,,,
TRPM_RT,,,,,,,,,,,,,,,,,,,,,,,,,,,,,,,,,,,,,,,,,,,,,,,,,,,,,,,,,,,,,,,,,,,,,,,,,,,,,,,,,,,,,,,,,,,,,,,,,,,,,,,,,,,,,,,,,,,,,,,,,,,,,,,,,,,,,,,,,,,,,,,,,,,,,,,,,,,,,,,,,,,,,,,,,,,,,,,,,,,,,,,,,,,,,,,,,,,,,,,,,,,,,,,,,,,,,,,,,,,,,,,,,,,,,,,,,,,,,,,,,,,
TF,,,,,,,,,,,,,,,,,,,,,,,,,,,,,,,,,,,,,,,,,,,,,,,,,,,,,,,,,,,,,,,,,,,,,,,,,,,,,,,,,,,,,,,,,,,,,,,,,,,,,,,,,,,,,,,,,,,,,,,,,,,,,,,,,,,,,,,,,,,,,,,,,,,,,,,,,,,,,,,,,,,,,,,,,,,,,,,,,,,,,,,,,,,,,,,,,,,,,,,,,,,,,,,,,,,,,,,,,,,,,,,,,,,,,,,,,,,,,,,,,,,
P28H_UNC_DH_ECO_RT,,,,,,,,,,,,,,,,,,,,,,,,,,,,,,,,,,,,,,,,,,,,,,,,,,,,,,,,,,,,,,,,,,,,,,,,,,,,,,,,,,,,,,,,,,,,,,,,,,,,,,,,,,,,,,,,,,,,,,,,,,,,,,,,,,,,,,,,,,,,,,,,,,,,,,,,,,,,,,,,,,,,,,,,,,,,,,,,,,,,,,,,,,,,,,,,,,,,,,,,,,,,,,,,,,,,,,,,,,,,,,,,,,,,,,,,,,,,,,,,,,,
VIBLAT_RT,,,,,,,,,,,,,,,,,,,,,,,,,,,,,,,,,,,,,,,,,,,,,,,,,,,,,,,,,,,,,,,,,,,,,,,,,,,,,,,,,,,,,,,,,,,,,,,,,,,,,,,,,,,,,,,,,,,,,,,,,,,,,,,,,,,,,,,,,,,,,,,,,,,,,,,,,,,,,,,,,,,,,,,,,,,,,,,,,,,,,,,,,,,,,,,,,,,,,,,,,,,,,,,,,,,,,,,,,,,,,,,,,,,,,,,,,,,,,,,,,,,
MSP5,,,,,,,,,,,,,,,,,0.005977621880557612,,,,,,,,,,,,,,-0.01587587336644416,0.004120483078010041,,,,0.0002827474232201764,,,,,,,,,,,,-4.4122499479918535e-05,,,,,1.0,,,,,,,0.0008586776485200815,,,,,,,,,,,,,,,,,,-0.057456187874054744,,,,,,,,,,,,,-0.01973701971428833,0.0003897909389083006,,,,0.00011849192492609204,,,0.005338619529724256,0.0005883313981104014,,0.0004408047229621451,,,,,,,0.0005933875427214639,,,,,,,,,,,,,,,,,,0.010109650658347296,,-0.02440156287389774,,,,,,,,,,,,,,,,,,,-0.0004117018079106734,,,,-0.00019579497752951315,,,,,,,,-0.002015599806005697,,-0.0013057423575750203,0.013181091376037214,,,,,,,,,,,-0.0033092548735815194,,0.037744879906617596,,,0.0024338461857163515,,,-0.057456187874054744,,,,,0.00026613471157281056,,,,,,,0.00848605648284273,,,,,,,,0.0002149437647662876,0.0001231124844591718,,,,-0.06425677398307258,,,,,,,,,,,0.0005447785089622097,,,-0.0013283918031055727,,,,,,,,,,1.0,,,,0.008485354636415315,0.006416287047640737,-0.0005320718526450753,,,,,,
BPOS,,,,,,,,,,,,,,,,,,,,,,,,,,,,,,,,,,,,,,,,,,,,,,,,,,,,,,,,,,,,,,,,,,,,,,,,,,,,,,,,,,,,,,,,,,,,,,,,,,,,,,,,,,,,,,,,,,,,,,,,,,,,,,,,,,,,,,,,,,,,,,,,,,,,,,,,,,,,,,,,,,,,,,,,,,,,,,,,,,,,,,,,,,,,,,,,,,,,,,,,,,,,,,,,,,,,,,,,,,,,,,,,,,,,,,,,,,,,,,,,,,,
RTMODE,,,,,,,,,,,,,,,,,,,,,,,,,,,,,,,,,,,,,,,,,,,,,,,,,,,,,,,,,,,,,,,,,,,,,,,,,,,,,,,,,,,,,,,,,,,,,,,,,,,,,,,,,,,,,,,,,,,,,,,,,,,,,,,,,,,,,,,,,,,,,,,,,,,,,,,,,,,,,,,,,,,,,,,,,,,,,,,,,,,,,,,,,,,,,,,,,,,,,,,,,,,,,,,,,,,,,,,,,,,,,,,,,,,,,,,,,,,,,,,,,,,
GS_G_NC4,,,,,,,,,,,,,,,,,,,,,,,,,,,,,,,,,,,,,,,,,,,,,,,,,,,,,,,,,,,,,,,,,,,,,,,,,,,,,,,,,,,,,,,,,,,,,,,,,,,,,,,,,,,,,,,,,,,,,,,,,,,,,,,,,,,,,,,,,,,,,,,,,,,,,,,,,,,,,,,,,,,,,,,,,,,,,,,,,,,,,,,,,,,,,,,,,,,,,,,,,,,,,,,,,,,,,,,,,,,,,,,,,,,,,,,,,,,,,,,,,,,
GS_TVCA,,,,,,,,,,,,,,,,,0.7470869847195601,,,,,,,,,,,,,,0.7750185132343793,0.39617150105669674,,,,0.10537511534443225,,,,,,,,,,,,0.06675158007576122,,,,,0.008445535311023286,,,,,,,0.10567335157583868,,,,,,,,,,,,,,,,,,-0.10096064380811949,,,,,,,,,,,,,-0.01489379118151991,0.060479328610083954,,,,0.10623487843742699,,,0.09834489255070754,0.6734204294138975,,0.021036295722310555,,,,,,,0.6734167637590461,,,,,,,,,,,,,,,,,,0.0902773526282787,,0.09291581676942087,,,,,,,,,,,,,,,,,,,0.10712031911333436,,,,0.10619345351510784,,,,,,,,0.10815035422839057,,0.0019195601751495846,0.19565778787750898,,,,,,,,,,,0.02000690887611505,,-0.38936682347701124,,,0.10342038619153293,,,-0.10096064380811949,,,,,0.1060254192669505,,,,,,,1.0,,,,,,,,0.05319616240593965,0.10661548067382567,,,,0.09066157909324939,,,,,,,,,,,0.0604400182839537,,,-0.0002725798721386255,,,,,,,,,,0.008485354636415315,,,,1.0,0.07137003101741479,0.10546833421970599,,,,,,
MSP4,,,,,,,,,,,,,,,,,0.044148134035541436,,,,,,,,,,,,,,-0.4071768190522347,0.00845990605991784,,,,0.006955888571875616,,,,,,,,,,,,0.0169549232193053,,,,,0.006416287047640737,,,,,,,0.01110644967619017,,,,,,,,,,,,,,,,,,-0.07910545706122787,,,,,,,,,,,,,-0.004636679099517584,0.01274198843608121,,,,0.007705739910496844,,,0.043545391149355774,0.014503783630560697,,-0.07991438266052017,,,,,,,0.014536874713084765,,,,,,,,,,,,,,,,,,0.06664368286450113,,-0.15350281916105138,,,,,,,,,,,,,,,,,,,0.004248018045471328,,,,0.005820647234851354,,,,,,,,0.002841616970048407,,0.008459906131380727,0.05340110957018252,,,,,,,,,,,-0.007628808992853541,,0.04657231574398214,,,0.02088582260667509,,,-0.07910545706122787,,,,,0.008532669364911614,,,,,,,0.07136994900884559,,,,,,,,0.9758429344276938,0.006676944928306568,,,,-0.0038855085133954878,,,,,,,,,,,0.01281949579183264,,,0.008459906131380727,,,,,,,,,,0.006416287047640737,,,,0.07137003101741479,1.0,-0.0022278975579897364,,,,,,
GS_TV08,,,,,,,,,,,,,,,,,0.9963107952207039,,,,,,,,,,,,,,0.049113643683984756,-0.0007374337924017057,,,,0.9993670330183747,,,,,,,,,,,,0.6661326774170349,,,,,-0.0005320718526450753,,,,,,,0.9988633537783637,,,,,,,,,,,,,,,,,,0.0052355039921382065,,,,,,,,,,,,,0.00028825999549672625,0.5966662242188441,,,,0.9992703196986036,,,0.9948929374573092,0.742547288275427,,0.004725311531741756,,,,,,,0.7425467561125589,,,,,,,,,,,,,,,,,,0.9859536898102407,,0.5486944896449892,,,,,,,,,,,,,,,,,,,0.9991839000019507,,,,0.9994885635767217,,,,,,,,0.9983124098745746,,-0.000737439502512892,0.021184779284947497,,,,,,,,,,,0.009303002652980832,,-0.030862081648498164,,,0.9979206941284396,,,0.0052355039921382065,,,,,0.9993262462667979,,,,,,,0.10546559417606194,,,,,,,,-0.0005025503584887142,0.9992984764246533,,,,-0.0011594812214148107,,,,,,,,,,,0.5966816082562578,,,-0.000737439502512892,,,,,,,,,,-0.0005320718526450753,,,,0.10546833421970599,-0.0022278975579897364,1.0,,,,,,
DCRNT,,,,,,,,,,,,,,,,,,,,,,,,,,,,,,,,,,,,,,,,,,,,,,,,,,,,,,,,,,,,,,,,,,,,,,,,,,,,,,,,,,,,,,,,,,,,,,,,,,,,,,,,,,,,,,,,,,,,,,,,,,,,,,,,,,,,,,,,,,,,,,,,,,,,,,,,,,,,,,,,,,,,,,,,,,,,,,,,,,,,,,,,,,,,,,,,,,,,,,,,,,,,,,,,,,,,,,,,,,,,,,,,,,,,,,,,,,,,,,,,,,,
SHK3TM_RT,,,,,,,,,,,,,,,,,,,,,,,,,,,,,,,,,,,,,,,,,,,,,,,,,,,,,,,,,,,,,,,,,,,,,,,,,,,,,,,,,,,,,,,,,,,,,,,,,,,,,,,,,,,,,,,,,,,,,,,,,,,,,,,,,,,,,,,,,,,,,,,,,,,,,,,,,,,,,,,,,,,,,,,,,,,,,,,,,,,,,,,,,,,,,,,,,,,,,,,,,,,,,,,,,,,,,,,,,,,,,,,,,,,,,,,,,,,,,,,,,,,
SRVTVD,,,,,,,,,,,,,,,,,,,,,,,,,,,,,,,,,,,,,,,,,,,,,,,,,,,,,,,,,,,,,,,,,,,,,,,,,,,,,,,,,,,,,,,,,,,,,,,,,,,,,,,,,,,,,,,,,,,,,,,,,,,,,,,,,,,,,,,,,,,,,,,,,,,,,,,,,,,,,,,,,,,,,,,,,,,,,,,,,,,,,,,,,,,,,,,,,,,,,,,,,,,,,,,,,,,,,,,,,,,,,,,,,,,,,,,,,,,,,,,,,,,
TEMP_DNI_RT,,,,,,,,,,,,,,,,,,,,,,,,,,,,,,,,,,,,,,,,,,,,,,,,,,,,,,,,,,,,,,,,,,,,,,,,,,,,,,,,,,,,,,,,,,,,,,,,,,,,,,,,,,,,,,,,,,,,,,,,,,,,,,,,,,,,,,,,,,,,,,,,,,,,,,,,,,,,,,,,,,,,,,,,,,,,,,,,,,,,,,,,,,,,,,,,,,,,,,,,,,,,,,,,,,,,,,,,,,,,,,,,,,,,,,,,,,,,,,,,,,,
SRV_HX,,,,,,,,,,,,,,,,,,,,,,,,,,,,,,,,,,,,,,,,,,,,,,,,,,,,,,,,,,,,,,,,,,,,,,,,,,,,,,,,,,,,,,,,,,,,,,,,,,,,,,,,,,,,,,,,,,,,,,,,,,,,,,,,,,,,,,,,,,,,,,,,,,,,,,,,,,,,,,,,,,,,,,,,,,,,,,,,,,,,,,,,,,,,,,,,,,,,,,,,,,,,,,,,,,,,,,,,,,,,,,,,,,,,,,,,,,,,,,,,,,,
GS_DVER,,,,,,,,,,,,,,,,,,,,,,,,,,,,,,,,,,,,,,,,,,,,,,,,,,,,,,,,,,,,,,,,,,,,,,,,,,,,,,,,,,,,,,,,,,,,,,,,,,,,,,,,,,,,,,,,,,,,,,,,,,,,,,,,,,,,,,,,,,,,,,,,,,,,,,,,,,,,,,,,,,,,,,,,,,,,,,,,,,,,,,,,,,,,,,,,,,,,,,,,,,,,,,,,,,,,,,,,,,,,,,,,,,,,,,,,,,,,,,,,,,,
